customer_id,purchase_frequency,avg_order_value,price_sensitivity,category_pref,days_since_last_purchase,last_touch_channel,converted
00002,4,3175.5,9.3,fashion,21,social,0
00005,12,3022.5,8.8,fashion,192,social,0
00006,12,4560.0,9.2,beauty,81,search,0
00007,11,976.5,5.1,both,5,social,0
00008,5,5301.0,7.6,both,107,social,1
00009,7,2370.0,4.2,beauty,1,influencer,1
00010,14,2418.0,4.4,beauty,238,social,1
00011,14,3814.5,5.3,fashion,82,crm,1
00012,6,1195.5,3.8,fashion,267,social,0
00013,6,805.5,4.6,fashion,73,influencer,0
00014,0,1744.5,4.6,fashion,13,search,0
00015,2,4902.0,6.7,fashion,209,search,0
00016,2,2623.5,2.3,fashion,73,social,0
00018,11,2061.0,5.3,beauty,121,social,1
00019,13,4971.0,4.0,beauty,26,search,1
00020,1,5970.0,8.4,fashion,102,social,1
00022,6,1513.5,8.5,both,81,social,1
00023,8,2499.0,4.6,fashion,282,search,1
00024,0,2442.0,6.1,fashion,4,social,0
00025,11,4162.5,5.4,both,77,influencer,1
00026,13,531.0,2.1,fashion,13,social,1
00028,10,3616.5,6.0,fashion,167,search,1
00029,5,3924.0,0.0,beauty,5,social,0
00030,1,4000.5,8.7,both,27,search,1
00031,13,2932.5,5.0,both,57,social,1
00032,11,5314.5,2.6,fashion,16,social,0
00034,4,1473.0,1.9,beauty,9,social,1
00037,12,1218.0,2.0,fashion,40,influencer,1
00040,2,3684.0,0.5,beauty,75,social,1
00041,3,1581.0,5.7,both,274,influencer,1
00042,3,814.5,7.0,beauty,43,social,1
00043,14,5578.5,7.1,fashion,94,social,1
00045,11,1878.0,2.7,both,23,search,1
00047,12,4413.0,4.2,beauty,34,search,0
00048,3,2589.0,5.1,beauty,87,influencer,0
00049,3,5010.0,3.5,beauty,76,influencer,0
00050,5,699.0,3.5,fashion,24,social,0
00051,8,604.5,4.6,both,98,social,1
00052,9,1320.0,2.9,fashion,17,social,0
00053,5,2155.5,8.4,both,171,search,0
00054,5,915.0,8.3,beauty,55,social,1
00055,6,663.0,3.2,beauty,19,search,0
00057,0,1291.5,6.4,both,84,social,0
00058,7,5703.0,4.4,both,121,social,0
00060,14,4563.0,2.0,beauty,211,social,0
00061,8,1575.0,1.7,fashion,27,social,1
00062,13,1524.0,4.4,both,84,search,1
00063,13,3748.5,2.4,fashion,2,social,1
00065,3,4695.0,5.5,fashion,4,search,0
00066,8,3768.0,1.4,beauty,19,search,1
00067,7,2212.5,4.1,beauty,155,social,0
00069,14,4921.5,4.6,fashion,25,social,0
00070,13,1965.0,0.3,fashion,18,social,1
00071,5,4536.0,0.1,beauty,17,social,1
00072,8,3964.5,5.3,beauty,24,social,1
00074,2,2121.0,8.6,fashion,85,social,0
00076,7,2055.0,6.5,fashion,8,social,1
00077,1,3592.5,7.3,fashion,24,social,0
00078,11,5589.0,1.8,fashion,13,search,0
00080,8,1251.0,0.3,beauty,7,social,1
00081,14,694.5,4.3,both,216,social,0
00082,8,4083.0,4.9,fashion,0,social,1
00083,7,3585.0,0.2,beauty,202,crm,1
00084,7,1519.5,2.9,beauty,167,search,0
00085,0,3619.5,0.4,fashion,29,search,0
00086,10,667.5,0.5,fashion,24,social,0
00088,13,4410.0,4.0,fashion,186,social,0
00089,14,2814.0,6.1,fashion,12,search,0
00090,0,2259.0,1.2,fashion,71,influencer,0
00091,8,4149.0,5.6,beauty,73,crm,1
00093,0,1140.0,7.1,fashion,299,influencer,0
00094,7,2853.0,4.1,beauty,50,social,1
00095,6,4701.0,5.3,beauty,84,search,1
00096,1,3724.5,3.1,fashion,1,search,1
00098,6,1078.5,3.0,fashion,20,social,0
00099,4,1608.0,8.4,beauty,115,influencer,0
00100,14,3820.5,5.5,fashion,2,social,0
00101,6,4494.0,4.6,beauty,25,influencer,1
00102,9,1675.5,2.7,beauty,9,influencer,1
00104,6,2340.0,7.8,fashion,35,social,0
00105,1,1491.0,0.7,beauty,29,influencer,0
00107,14,730.5,2.8,fashion,15,search,1
00108,6,1216.5,5.6,fashion,60,social,1
00109,2,3928.5,7.6,fashion,112,social,1
00110,3,2814.0,7.2,beauty,240,social,1
00113,6,2328.0,5.3,both,52,social,1
00114,13,4570.5,4.8,both,31,crm,1
00115,1,969.0,4.9,both,9,social,0
00119,10,1576.5,0.6,beauty,92,search,1
00120,0,850.5,1.8,fashion,60,influencer,0
00122,11,1686.0,3.0,beauty,79,social,1
00123,2,2593.5,0.4,both,93,crm,0
00125,3,858.0,5.8,beauty,188,influencer,0
00126,4,2269.5,5.1,beauty,115,social,1
00127,14,5250.0,8.4,beauty,61,search,1
00128,2,1359.0,2.1,both,12,social,0
00129,8,2154.0,7.5,both,2,search,0
00130,4,1696.5,1.9,fashion,71,search,1
00131,6,639.0,3.9,fashion,2,search,1
00132,14,6033.0,9.2,fashion,0,crm,1
00133,13,2893.5,0.0,both,291,search,0
00134,10,4114.5,4.7,fashion,110,social,0
00136,6,2827.5,5.4,fashion,89,social,0
00139,1,807.0,3.4,fashion,62,social,0
00140,2,2416.5,1.7,both,44,social,0
00141,3,3577.5,4.8,beauty,14,crm,0
00142,7,2793.0,1.6,fashion,39,social,0
00143,0,2643.0,1.2,beauty,104,crm,1
00145,4,1434.0,3.2,fashion,3,search,0
00146,3,1480.5,2.7,fashion,87,search,1
00147,12,471.0,4.5,beauty,190,social,0
00148,7,4695.0,1.4,fashion,19,social,1
00149,13,5895.0,3.2,beauty,51,social,1
00150,8,1542.0,7.8,both,18,influencer,1
00151,2,988.5,4.7,both,16,crm,0
00152,13,2406.0,1.6,fashion,41,search,0
00153,3,3108.0,1.2,fashion,119,social,1
00154,0,2662.5,9.2,beauty,9,social,1
00156,11,2533.5,4.8,both,77,social,0
00157,13,2602.5,5.2,fashion,1,search,1
00158,2,1294.5,6.4,beauty,216,social,1
00159,9,4012.5,5.2,both,3,social,1
00160,4,2055.0,0.8,beauty,22,social,0
00161,14,2755.5,0.5,fashion,141,social,0
00162,12,1711.5,6.3,beauty,55,influencer,0
00163,7,3010.5,3.1,fashion,113,social,1
00164,13,4308.0,3.3,beauty,4,influencer,0
00166,0,5190.0,3.9,beauty,233,social,1
00167,2,1284.0,1.6,fashion,69,social,1
00168,8,2752.5,4.6,both,32,influencer,1
00169,8,2497.5,3.7,fashion,96,crm,1
00170,0,1281.0,4.0,fashion,47,search,0
00171,3,1453.5,7.8,fashion,142,social,0
00172,11,4450.5,5.5,both,128,crm,0
00173,7,1420.5,5.6,beauty,77,influencer,1
00174,1,2850.0,5.2,fashion,63,influencer,1
00176,6,4632.0,5.4,both,64,social,0
00179,6,1746.0,6.2,fashion,292,crm,1
00180,5,2997.0,4.8,beauty,19,social,0
00181,1,2572.5,0.0,both,59,crm,1
00182,8,1255.5,8.6,fashion,22,social,1
00183,4,5137.5,7.4,fashion,6,search,0
00184,1,5418.0,2.8,beauty,78,social,1
00185,5,864.0,1.7,fashion,47,social,0
00186,9,3570.0,6.8,both,16,social,1
00193,9,1255.5,8.0,fashion,248,social,0
00195,1,2560.5,3.3,fashion,84,social,0
00197,13,969.0,7.1,fashion,96,social,0
00198,5,2445.0,2.3,beauty,1,search,1
00200,11,3109.5,1.7,beauty,2,social,0
00201,3,1342.5,3.5,beauty,151,social,1
00202,3,2085.0,9.7,beauty,244,search,0
00203,11,2344.5,2.1,fashion,167,social,0
00204,5,6469.5,2.0,beauty,240,influencer,1
00206,9,1006.5,5.4,beauty,80,social,0
00207,5,2322.0,6.5,fashion,32,social,0
00208,5,1804.5,8.5,beauty,21,search,1
00210,0,2700.0,7.9,beauty,80,social,1
00211,4,2436.0,6.2,beauty,29,social,1
00212,14,5145.0,1.9,beauty,285,search,0
00213,0,3420.0,2.2,fashion,80,influencer,0
00214,10,4063.5,5.0,fashion,8,social,1
00215,13,3688.5,2.6,both,12,social,1
00217,9,2673.0,7.1,both,24,social,0
00218,3,1143.0,3.3,fashion,60,social,1
00219,1,1362.0,1.0,both,83,social,1
00220,8,3772.5,3.6,fashion,8,search,1
00222,13,3006.0,8.2,fashion,63,search,1
00223,10,640.5,1.3,beauty,6,social,1
00224,12,4125.0,3.1,fashion,77,social,1
00225,9,1300.5,6.6,fashion,86,search,0
00227,12,985.5,8.2,beauty,84,social,0
00228,11,736.5,0.7,both,60,search,0
00229,1,600.0,1.0,beauty,0,influencer,1
00230,5,2473.5,5.8,fashion,113,influencer,1
00231,9,2601.0,3.3,both,9,crm,1
00232,5,1147.5,5.9,fashion,87,search,0
00233,13,1762.5,3.9,beauty,54,social,0
00234,11,1495.5,5.5,fashion,1,social,0
00235,11,3607.5,6.8,fashion,1,search,1
00236,8,2443.5,4.9,both,14,social,1
00237,4,2119.5,7.3,fashion,282,influencer,0
00238,10,2941.5,2.5,fashion,11,search,1
00241,11,3421.5,6.4,fashion,8,influencer,1
00243,12,1659.0,5.5,fashion,84,influencer,0
00244,4,6031.5,0.7,both,79,social,1
00245,1,3894.0,7.1,beauty,2,social,1
00246,0,3663.0,5.2,beauty,134,social,1
00247,8,3478.5,1.4,beauty,72,influencer,0
00248,9,3019.5,0.2,beauty,63,search,1
00251,14,4263.0,9.1,both,22,social,1
00252,11,2130.0,3.6,fashion,64,search,0
00253,5,1633.5,3.7,beauty,260,search,0
00254,9,2871.0,1.9,both,88,social,1
00255,3,1522.5,3.0,beauty,280,influencer,0
00256,13,493.5,4.6,beauty,3,influencer,0
00257,8,4962.0,5.0,both,3,search,0
00258,14,2050.5,2.7,both,1,influencer,0
00259,1,1564.5,3.5,fashion,116,search,0
00260,13,3228.0,4.6,beauty,1,influencer,1
00262,11,3051.0,2.2,both,66,social,1
00263,14,1102.5,2.2,both,115,social,1
00265,3,2446.5,5.1,fashion,29,social,1
00266,0,1941.0,2.8,beauty,38,search,1
00267,6,2743.5,3.8,fashion,82,social,1
00268,13,435.0,6.0,both,46,social,0
00269,3,2205.0,3.8,both,10,social,0
00270,4,2493.0,2.4,fashion,6,social,1
00271,14,5752.5,4.8,beauty,220,social,1
00272,11,4287.0,2.3,fashion,181,influencer,1
00274,1,616.5,6.6,fashion,65,social,0
00277,1,2649.0,8.7,beauty,189,search,0
00280,12,3661.5,2.4,beauty,116,influencer,1
00281,0,3396.0,8.7,beauty,8,social,1
00283,0,2575.5,5.6,fashion,201,influencer,1
00285,1,1336.5,1.8,beauty,48,influencer,0
00287,4,2514.0,3.6,beauty,275,influencer,1
00288,2,3412.5,2.1,both,104,social,1
00290,6,979.5,8.2,fashion,1,social,0
00291,9,2050.5,4.2,beauty,250,search,0
00292,5,2098.5,2.8,fashion,252,social,1
00293,1,895.5,7.2,fashion,2,search,1
00294,8,1306.5,0.9,fashion,23,search,0
00295,1,3183.0,5.1,fashion,146,influencer,0
00298,8,1272.0,4.0,fashion,246,search,0
00299,1,6528.0,5.7,beauty,59,social,0
00300,8,4945.5,0.5,fashion,36,social,1
00301,7,528.0,8.8,beauty,50,influencer,0
00302,13,4372.5,9.1,beauty,44,social,0
00303,6,5308.5,6.3,beauty,79,crm,0
00307,9,2863.5,5.2,beauty,14,social,1
00308,7,5448.0,4.2,beauty,168,social,0
00309,0,1807.5,6.0,both,14,search,0
00310,8,955.5,2.1,beauty,52,search,1
00311,5,4246.5,6.7,fashion,0,influencer,0
00312,0,1461.0,9.2,beauty,216,crm,0
00313,0,4872.0,4.6,fashion,12,influencer,1
00314,12,1372.5,3.3,fashion,82,influencer,0
00315,6,2130.0,0.6,both,70,influencer,0
00316,9,1818.0,5.6,fashion,11,search,0
00317,1,1029.0,5.9,fashion,15,social,0
00319,12,1137.0,9.0,fashion,213,search,0
00320,4,2257.5,4.2,beauty,40,crm,1
00321,4,2329.5,4.3,both,86,search,0
00322,9,816.0,3.5,both,77,crm,1
00323,14,5473.5,2.3,beauty,32,search,1
00324,11,1027.5,8.4,fashion,229,social,1
00326,13,3973.5,4.2,beauty,37,social,0
00327,10,2421.0,4.0,fashion,15,social,0
00328,7,3693.0,0.2,fashion,63,social,0
00329,4,745.5,0.1,both,34,social,0
00330,7,5251.5,2.3,fashion,128,social,1
00331,4,2584.5,1.1,fashion,225,crm,1
00333,14,1639.5,6.5,fashion,45,social,0
00334,5,5689.5,0.1,beauty,2,influencer,1
00335,7,1743.0,0.2,fashion,29,social,1
00336,1,931.5,3.6,fashion,14,social,1
00337,6,2799.0,1.1,fashion,64,search,0
00338,2,1470.0,6.4,both,34,influencer,0
00339,8,3519.0,7.9,beauty,15,social,0
00340,9,5836.5,3.6,beauty,133,influencer,1
00342,14,2313.0,3.8,beauty,121,social,1
00343,2,5151.0,1.3,beauty,15,search,1
00345,7,2032.5,5.2,fashion,61,social,0
00346,9,1675.5,5.3,both,30,social,1
00347,1,2151.0,7.5,fashion,24,influencer,0
00350,7,3729.0,2.8,fashion,4,search,1
00351,6,5361.0,5.8,beauty,73,influencer,0
00353,4,2397.0,8.1,beauty,5,social,1
00354,3,2463.0,1.7,fashion,30,search,0
00355,10,1438.5,7.6,fashion,205,influencer,0
00358,13,2191.5,3.6,fashion,66,social,1
00359,9,4434.0,4.6,both,6,social,1
00360,0,783.0,8.7,fashion,64,social,1
00361,12,3720.0,9.3,beauty,231,social,1
00362,3,3861.0,4.4,fashion,146,influencer,0
00363,5,2400.0,7.6,fashion,39,influencer,0
00366,1,925.5,4.0,fashion,39,social,0
00368,12,1341.0,8.0,both,1,social,0
00370,0,2338.5,6.1,fashion,46,social,0
00371,3,4597.5,7.9,beauty,10,search,1
00372,3,2233.5,1.0,both,89,social,1
00374,7,5164.5,6.0,fashion,20,social,0
00375,10,2587.5,6.1,beauty,3,influencer,1
00376,1,4008.0,0.8,beauty,55,influencer,0
00377,1,784.5,7.4,fashion,129,search,0
00378,14,2562.0,3.5,beauty,6,social,0
00380,14,1882.5,3.5,beauty,121,social,0
00381,0,6120.0,8.3,fashion,73,social,1
00382,12,4914.0,5.0,beauty,7,social,1
00383,4,3841.5,8.2,beauty,7,influencer,0
00386,1,2907.0,0.8,fashion,2,social,0
00387,0,1372.5,9.1,fashion,26,search,1
00391,8,2527.5,8.0,fashion,147,influencer,0
00392,14,5967.0,0.8,fashion,13,social,1
00393,1,1606.5,3.5,fashion,160,social,0
00394,2,4107.0,7.5,beauty,285,search,0
00395,8,1416.0,2.7,fashion,32,social,0
00396,4,807.0,3.5,beauty,158,influencer,0
00398,12,3378.0,6.7,beauty,44,social,0
00399,7,567.0,3.0,fashion,167,influencer,0
00400,6,1437.0,1.2,fashion,89,influencer,0
00401,14,1596.0,6.0,fashion,31,crm,1
00402,13,2371.5,8.4,both,21,social,0
00404,12,3076.5,0.5,beauty,51,social,0
00407,12,1983.0,6.9,both,59,social,0
00408,3,4569.0,4.7,both,8,social,1
00409,8,4936.5,8.5,fashion,44,social,0
00411,2,1909.5,2.9,beauty,14,influencer,0
00414,7,3162.0,5.3,beauty,18,social,0
00415,7,1975.5,5.2,both,71,crm,0
00416,12,2949.0,2.2,beauty,6,influencer,0
00417,7,4848.0,8.3,both,84,social,0
00419,14,2869.5,2.5,beauty,7,influencer,1
00420,5,4318.5,6.1,fashion,22,social,1
00422,14,3196.5,7.4,fashion,3,social,1
00423,9,2830.5,5.7,beauty,86,search,1
00424,10,5677.5,6.5,fashion,73,social,1
00425,2,961.5,1.7,both,68,social,0
00426,8,2785.5,0.8,beauty,90,search,0
00427,13,4158.0,8.4,both,45,social,0
00428,13,6348.0,8.3,both,21,crm,0
00429,13,3571.5,8.2,beauty,20,social,0
00431,11,765.0,8.5,fashion,109,social,0
00432,11,2710.5,2.3,beauty,76,social,0
00433,14,1215.0,1.4,fashion,48,social,1
00437,0,2656.5,7.8,both,6,crm,1
00438,1,1917.0,8.8,both,4,social,1
00440,13,2014.5,3.6,both,74,search,1
00441,12,1332.0,6.1,beauty,77,influencer,0
00442,13,3099.0,3.4,beauty,119,influencer,0
00443,11,1216.5,7.3,beauty,293,crm,0
00444,0,3751.5,9.0,both,19,influencer,0
00445,11,2476.5,8.5,beauty,126,crm,0
00446,8,3504.0,5.4,beauty,71,crm,1
00448,1,2068.5,5.6,beauty,94,influencer,1
00449,13,1528.5,5.7,beauty,109,social,1
00450,1,3976.5,6.1,beauty,72,crm,0
00452,11,5233.5,7.9,beauty,70,social,0
00453,10,5212.5,2.5,both,10,social,1
00454,7,922.5,5.6,fashion,166,social,1
00455,0,2539.5,6.7,fashion,65,social,0
00456,13,4002.0,3.2,fashion,39,search,0
00457,4,4753.5,6.8,fashion,88,influencer,0
00458,14,1441.5,5.2,both,245,social,0
00459,10,837.0,8.9,beauty,51,search,0
00460,1,1591.5,6.7,beauty,82,search,0
00462,2,2595.0,5.7,fashion,3,social,1
00463,14,2167.5,5.2,beauty,27,search,1
00464,12,3451.5,2.8,fashion,6,search,1
00465,2,540.0,7.7,both,33,social,1
00466,12,430.5,7.7,both,19,search,0
00467,9,2545.5,4.4,fashion,14,social,1
00468,8,1707.0,4.9,beauty,11,social,1
00469,9,1351.5,7.5,fashion,30,social,1
00470,0,3093.0,5.5,beauty,22,influencer,0
00472,1,2688.0,1.0,beauty,1,crm,1
00473,8,2595.0,6.1,beauty,6,social,0
00474,13,4087.5,4.4,beauty,76,social,0
00477,5,2881.5,5.7,fashion,28,search,0
00478,9,3606.0,2.3,beauty,14,search,0
00479,9,2398.5,6.8,fashion,79,influencer,1
00480,2,978.0,4.4,fashion,45,search,0
00481,7,3174.0,6.5,fashion,88,social,1
00483,8,4284.0,3.8,fashion,165,social,0
00484,1,1702.5,4.7,fashion,122,influencer,0
00485,8,1677.0,4.4,both,68,crm,1
00486,3,5512.5,5.7,both,174,search,1
00487,7,2227.5,0.6,fashion,104,social,0
00488,4,874.5,4.9,beauty,48,social,0
00489,12,2272.5,5.5,fashion,37,social,0
00490,5,2416.5,0.7,beauty,10,influencer,1
00491,3,3078.0,3.1,fashion,71,search,0
00492,4,2754.0,5.2,fashion,23,crm,0
00493,11,4803.0,0.7,both,33,crm,0
00494,0,2257.5,3.0,both,7,search,0
00495,14,1030.5,3.8,fashion,148,search,0
00496,11,1003.5,4.0,both,278,social,1
00499,3,5844.0,4.5,both,28,social,1
00500,0,2223.0,7.2,beauty,41,search,1
00501,12,2629.5,4.1,fashion,9,influencer,1
00502,2,4912.5,5.7,beauty,134,influencer,0
00503,3,1020.0,1.0,beauty,236,social,1
00504,13,2413.5,4.0,fashion,213,crm,0
00505,13,1930.5,6.4,fashion,88,social,0
00506,8,3037.5,1.0,beauty,99,search,1
00507,2,4050.0,8.1,beauty,137,search,1
00509,2,2553.0,4.8,beauty,19,social,0
00510,3,2946.0,1.0,fashion,57,search,1
00513,0,3096.0,3.2,both,8,influencer,1
00514,14,3481.5,1.1,both,28,social,1
00518,0,2727.0,0.1,fashion,5,influencer,0
00519,1,1528.5,8.0,beauty,76,crm,0
00520,9,1585.5,6.5,both,0,search,1
00522,4,4684.5,7.8,beauty,158,social,0
00523,10,4453.5,2.7,both,8,social,1
00524,12,4239.0,0.8,fashion,31,crm,0
00525,14,4368.0,2.2,fashion,10,influencer,0
00526,10,2689.5,4.9,beauty,46,social,0
00527,13,4368.0,4.4,beauty,10,social,0
00528,11,4780.5,7.1,fashion,30,social,1
00529,12,1102.5,1.7,fashion,37,influencer,1
00530,5,5737.5,2.6,both,5,social,1
00531,1,2127.0,3.3,fashion,33,influencer,0
00532,9,1554.0,8.9,fashion,3,influencer,1
00533,4,861.0,0.4,beauty,42,influencer,0
00534,2,2692.5,3.7,fashion,40,influencer,1
00535,6,2751.0,0.6,beauty,150,social,0
00536,11,5022.0,5.2,fashion,10,social,0
00537,11,3301.5,2.3,fashion,0,search,1
00538,0,4969.5,0.7,both,38,social,1
00540,11,5895.0,2.1,beauty,15,influencer,1
00541,2,2824.5,2.2,fashion,45,social,0
00544,11,3402.0,5.3,both,98,search,1
00549,14,1497.0,7.6,fashion,18,influencer,1
00550,14,4015.5,3.0,fashion,43,crm,0
00553,1,643.5,5.2,fashion,0,influencer,1
00554,2,1065.0,7.1,both,140,social,0
00555,1,3225.0,5.0,beauty,189,social,0
00556,13,844.5,4.3,fashion,177,influencer,1
00557,5,1504.5,7.2,fashion,70,search,1
00558,1,2437.5,5.5,beauty,72,social,0
00559,0,3673.5,4.6,both,22,search,1
00560,7,3166.5,4.2,fashion,36,social,0
00561,9,4633.5,4.1,beauty,12,crm,0
00563,3,3450.0,1.1,beauty,0,search,0
00564,1,3090.0,4.2,fashion,57,search,0
00566,10,1501.5,8.1,both,11,social,1
00568,10,3795.0,5.5,fashion,15,social,1
00569,4,1720.5,3.4,beauty,6,social,0
00570,6,5356.5,8.7,beauty,180,social,0
00571,5,2550.0,6.0,beauty,59,social,1
00572,1,5061.0,5.8,fashion,3,crm,1
00573,10,589.5,2.5,beauty,104,social,1
00575,3,1386.0,1.4,beauty,46,influencer,1
00576,7,2326.5,6.7,beauty,75,influencer,0
00578,13,1990.5,3.7,fashion,1,influencer,0
00581,6,6052.5,2.4,fashion,30,crm,1
00583,11,817.5,3.6,fashion,5,crm,0
00584,3,3700.5,2.6,fashion,46,social,1
00585,0,2259.0,3.6,both,280,social,0
00586,6,619.5,1.1,fashion,247,social,0
00587,5,1210.5,8.2,both,144,influencer,0
00588,7,5161.5,7.0,fashion,289,social,1
00589,10,3447.0,1.3,beauty,80,search,1
00590,12,5700.0,7.2,both,54,social,1
00592,7,3097.5,9.2,fashion,24,search,0
00594,10,1879.5,5.5,fashion,52,social,1
00595,13,648.0,3.7,beauty,12,social,0
00597,8,1089.0,4.8,fashion,84,social,0
00598,0,3478.5,4.3,both,9,search,1
00599,2,3274.5,6.8,beauty,143,social,0
00601,11,2752.5,3.0,beauty,161,search,1
00602,10,2433.0,5.0,fashion,32,influencer,0
00604,12,3729.0,6.0,fashion,3,social,1
00605,3,3436.5,3.9,both,26,search,1
00606,7,1503.0,5.2,fashion,88,social,1
00607,9,3669.0,7.9,both,84,social,0
00608,13,2259.0,2.1,fashion,89,social,1
00610,0,2619.0,5.5,fashion,52,search,0
00611,14,2028.0,5.9,beauty,9,social,1
00612,11,4419.0,7.1,beauty,1,social,1
00614,13,2352.0,2.3,fashion,46,social,0
00615,3,465.0,7.9,beauty,20,search,0
00617,0,786.0,7.8,beauty,209,social,0
00618,9,3195.0,4.9,both,145,influencer,0
00621,9,1440.0,4.4,fashion,209,social,0
00622,12,846.0,6.2,beauty,20,search,1
00623,14,2458.5,6.6,fashion,197,social,0
00626,14,1038.0,0.1,fashion,30,search,0
00627,10,1858.5,5.0,both,41,social,0
00628,4,2196.0,1.3,fashion,2,search,1
00629,5,460.5,6.6,beauty,60,social,0
00630,3,1791.0,4.2,beauty,143,influencer,0
00631,9,2443.5,0.8,fashion,116,search,1
00632,9,2335.5,4.2,fashion,224,social,1
00633,11,2377.5,0.1,fashion,98,search,0
00634,5,3036.0,6.4,fashion,84,search,1
00635,6,2901.0,2.4,fashion,99,social,1
00637,13,2070.0,1.9,beauty,1,social,1
00638,14,4164.0,2.9,beauty,7,social,0
00639,6,2454.0,4.6,beauty,20,social,1
00641,1,4291.5,1.6,fashion,280,social,0
00642,2,1839.0,2.9,fashion,35,influencer,1
00643,2,2361.0,7.5,both,220,social,1
00644,0,5052.0,3.9,beauty,43,social,1
00645,0,1167.0,4.2,fashion,18,social,0
00646,9,5566.5,8.2,beauty,35,search,1
00648,5,5748.0,4.4,fashion,206,social,0
00649,8,3580.5,7.1,beauty,14,crm,1
00651,10,664.5,2.9,fashion,24,crm,0
00653,0,5233.5,3.9,beauty,10,search,1
00654,11,2020.5,5.0,beauty,284,influencer,0
00656,5,6000.0,4.5,fashion,50,social,0
00657,3,6684.0,3.8,fashion,33,search,1
00658,10,2364.0,4.8,fashion,193,social,0
00660,8,3853.5,2.3,fashion,65,social,1
00662,4,4294.5,7.9,both,81,social,0
00665,3,3294.0,3.3,fashion,50,social,1
00666,5,3891.0,5.1,fashion,2,influencer,0
00668,2,4434.0,1.5,both,266,social,1
00669,14,1498.5,4.8,fashion,263,social,0
00670,1,4005.0,7.1,beauty,279,search,1
00672,8,3172.5,4.2,fashion,68,crm,0
00674,8,3721.5,1.1,beauty,42,social,1
00675,11,6280.5,1.7,beauty,9,social,0
00676,10,987.0,5.0,fashion,72,social,1
00678,7,4335.0,1.5,fashion,89,social,0
00679,10,2700.0,0.1,both,83,search,1
00680,12,4578.0,5.8,beauty,13,search,1
00681,9,2094.0,3.6,beauty,42,social,1
00682,6,540.0,1.4,beauty,15,search,1
00683,11,1624.5,5.0,fashion,62,search,0
00684,4,664.5,3.5,fashion,4,social,0
00685,12,1440.0,3.9,fashion,68,search,0
00686,2,976.5,5.6,fashion,79,search,1
00687,1,904.5,0.9,both,290,social,0
00688,10,1146.0,5.1,beauty,76,influencer,0
00689,7,5710.5,2.9,beauty,19,social,1
00692,4,2433.0,7.2,fashion,12,influencer,1
00693,8,3084.0,3.7,fashion,108,search,1
00694,3,2440.5,8.2,fashion,38,influencer,0
00695,7,3900.0,4.5,fashion,61,social,0
00697,10,6081.0,4.6,beauty,283,search,1
00698,14,4116.0,2.6,fashion,11,social,1
00699,6,2635.5,5.0,both,26,social,1
00701,7,1123.5,4.2,beauty,12,influencer,1
00702,4,3574.5,0.2,beauty,46,influencer,1
00703,1,2943.0,2.8,beauty,109,social,0
00704,6,4374.0,7.2,beauty,75,crm,0
00710,9,6582.0,1.4,both,1,social,1
00712,11,2955.0,4.3,fashion,184,social,1
00713,10,4741.5,1.2,fashion,10,influencer,1
00715,12,2373.0,8.5,both,4,social,1
00716,1,3966.0,3.4,fashion,78,search,0
00717,2,4944.0,0.8,beauty,171,crm,1
00718,13,2256.0,1.9,fashion,10,social,1
00719,13,4146.0,7.6,fashion,64,social,1
00720,3,525.0,0.7,fashion,12,social,0
00721,9,1074.0,9.0,both,10,search,1
00723,10,1224.0,1.1,fashion,19,social,0
00724,6,3223.5,6.4,fashion,55,social,1
00725,9,922.5,6.4,beauty,5,search,0
00726,14,4090.5,0.6,beauty,53,social,1
00727,11,1593.0,4.7,fashion,243,search,1
00728,0,2578.5,2.2,both,3,search,1
00729,5,1887.0,3.5,fashion,58,crm,0
00730,12,1975.5,2.9,fashion,14,social,0
00731,5,700.5,2.5,beauty,164,social,0
00732,7,1413.0,3.1,beauty,23,influencer,0
00733,1,2500.5,4.5,fashion,25,social,1
00734,1,1710.0,3.5,fashion,4,influencer,0
00736,2,2458.5,2.7,fashion,44,search,0
00738,14,2292.0,8.0,both,13,social,0
00739,7,499.5,6.1,both,29,social,0
00740,6,1822.5,2.2,fashion,47,search,0
00741,8,4897.5,3.1,fashion,52,social,1
00742,14,756.0,6.2,fashion,36,social,0
00743,7,5712.0,8.0,both,13,crm,1
00744,7,2652.0,8.8,beauty,89,social,1
00745,10,1095.0,8.0,fashion,251,social,0
00746,1,6550.5,7.6,fashion,30,social,0
00748,5,840.0,3.0,both,143,influencer,1
00749,6,418.5,8.0,both,62,social,0
00750,5,1438.5,5.2,both,269,social,0
00751,6,3970.5,2.4,beauty,14,social,0
00753,1,5044.5,5.8,beauty,25,social,1
00756,7,3399.0,3.1,fashion,4,influencer,0
00758,13,735.0,4.8,fashion,4,social,1
00762,6,2169.0,4.3,both,19,social,1
00766,7,1984.5,2.6,beauty,47,social,1
00768,7,2350.5,6.0,both,30,social,0
00769,9,2043.0,3.5,fashion,80,influencer,0
00770,12,1527.0,2.2,beauty,30,social,0
00771,5,3669.0,4.0,beauty,29,search,0
00774,0,2269.5,9.0,fashion,3,social,1
00775,5,3844.5,1.7,beauty,279,social,1
00776,10,3378.0,5.4,fashion,17,social,1
00777,3,2307.0,6.0,fashion,64,search,0
00778,2,1413.0,4.1,fashion,84,social,1
00779,4,3276.0,6.0,fashion,46,social,0
00780,9,2821.5,0.1,both,193,influencer,0
00781,10,5562.0,3.8,fashion,133,influencer,0
00782,7,4161.0,5.2,fashion,14,influencer,0
00783,14,3253.5,0.8,both,51,influencer,0
00784,10,3363.0,7.9,fashion,228,social,1
00785,9,2826.0,0.5,both,2,influencer,1
00786,5,4002.0,4.3,fashion,72,social,0
00788,5,6147.0,4.5,beauty,61,social,1
00789,6,2758.5,3.6,beauty,67,search,1
00791,5,4623.0,4.9,beauty,219,social,1
00792,2,705.0,7.5,both,295,influencer,0
00793,10,1714.5,1.3,beauty,75,search,1
00794,8,1494.0,2.5,fashion,4,social,0
00795,12,4302.0,3.6,both,75,search,1
00796,9,3549.0,8.5,fashion,28,social,0
00797,9,595.5,5.0,beauty,54,social,1
00798,3,4276.5,6.3,fashion,157,search,1
00800,4,2557.5,9.2,beauty,197,social,1
00803,1,1021.5,5.5,fashion,59,social,0
00804,7,2689.5,5.3,fashion,60,influencer,0
00806,4,6220.5,4.0,fashion,34,influencer,1
00809,9,4863.0,6.2,fashion,8,search,1
00811,7,2884.5,0.0,fashion,89,social,0
00812,3,2814.0,7.1,beauty,64,social,1
00813,12,2641.5,4.6,fashion,155,social,0
00815,13,757.5,4.5,fashion,11,social,0
00816,8,3336.0,3.2,both,151,influencer,1
00820,5,675.0,2.9,beauty,72,search,1
00823,13,1878.0,4.9,beauty,31,search,0
00824,2,3094.5,3.5,beauty,13,search,1
00825,9,1554.0,3.4,beauty,12,social,0
00827,9,2109.0,0.3,beauty,292,social,1
00828,9,2407.5,9.4,fashion,17,search,0
00829,4,4228.5,6.5,beauty,1,social,0
00830,11,1080.0,4.0,fashion,38,influencer,0
00831,7,4524.0,5.8,beauty,85,social,1
00833,12,1366.5,4.3,fashion,11,search,1
00834,9,1522.5,3.5,beauty,61,social,0
00835,9,460.5,7.1,fashion,61,influencer,1
00836,2,1195.5,1.9,both,2,social,1
00837,5,2694.0,4.1,beauty,35,search,0
00839,13,1519.5,9.1,both,12,social,0
00840,8,1560.0,5.0,beauty,0,crm,0
00841,13,2106.0,6.7,fashion,3,influencer,1
00842,7,2956.5,7.0,fashion,26,influencer,1
00843,9,2818.5,0.5,beauty,54,search,0
00844,7,3408.0,0.4,fashion,2,influencer,0
00845,2,4176.0,0.1,beauty,240,crm,1
00846,0,3585.0,9.2,fashion,13,search,0
00847,2,1252.5,1.6,beauty,79,social,1
00850,13,4150.5,7.9,both,10,social,1
00851,11,663.0,4.9,fashion,11,search,1
00852,5,1782.0,3.3,both,17,social,1
00853,12,4038.0,2.6,beauty,13,influencer,1
00855,1,5418.0,5.8,fashion,22,social,0
00856,11,708.0,6.2,fashion,34,social,0
00857,14,1639.5,7.4,beauty,88,search,1
00858,8,1150.5,4.8,beauty,189,influencer,0
00860,4,454.5,8.7,fashion,74,search,0
00861,11,5586.0,2.1,beauty,47,search,0
00863,6,2670.0,1.7,fashion,256,influencer,0
00865,3,966.0,7.5,both,77,crm,0
00866,9,1170.0,0.7,beauty,37,influencer,1
00867,1,2125.5,8.5,beauty,77,social,1
00868,1,2176.5,1.3,beauty,78,influencer,1
00869,12,1431.0,3.6,beauty,4,social,0
00872,7,961.5,8.1,fashion,30,social,0
00873,3,4468.5,2.4,both,97,influencer,1
00874,6,2722.5,1.0,beauty,34,influencer,1
00875,2,2866.5,8.0,beauty,222,influencer,1
00876,8,2904.0,1.8,fashion,181,search,1
00877,9,844.5,5.9,beauty,16,influencer,0
00878,8,1441.5,6.0,fashion,98,social,0
00879,6,4197.0,6.9,both,30,social,0
00881,0,1684.5,7.1,beauty,80,crm,0
00883,7,555.0,5.4,fashion,60,search,1
00884,1,1135.5,5.8,both,66,crm,1
00885,7,522.0,4.5,fashion,9,search,0
00886,10,1069.5,4.0,fashion,26,crm,0
00890,14,6055.5,2.3,both,24,social,0
00891,10,2299.5,8.1,fashion,67,crm,0
00893,3,1684.5,4.4,beauty,22,social,0
00894,14,4485.0,6.1,fashion,34,social,1
00895,10,1702.5,4.1,fashion,86,social,0
00896,9,2769.0,5.5,fashion,48,social,0
00899,9,2433.0,6.4,beauty,0,influencer,0
00900,12,3798.0,4.7,fashion,38,influencer,1
00902,9,1330.5,8.0,beauty,78,search,0
00903,0,1557.0,6.6,beauty,66,search,0
00904,8,2856.0,2.4,beauty,22,crm,1
00905,10,2181.0,6.4,beauty,82,search,0
00906,6,3859.5,0.3,fashion,124,social,1
00907,4,4788.0,4.5,beauty,86,crm,1
00908,5,601.5,8.3,fashion,69,search,1
00909,2,3837.0,6.1,beauty,176,social,1
00910,12,2017.5,6.2,beauty,20,search,1
00912,1,2044.5,5.7,fashion,130,search,0
00915,0,1369.5,0.6,fashion,11,social,1
00916,13,1750.5,3.6,fashion,47,social,0
00917,14,2158.5,5.9,beauty,3,influencer,0
00918,0,1285.5,1.2,beauty,206,social,0
00920,1,546.0,3.1,beauty,6,influencer,1
00922,5,4546.5,4.9,beauty,131,search,1
00924,9,4828.5,0.6,beauty,3,social,1
00926,3,873.0,6.0,both,68,crm,0
00927,7,846.0,2.5,beauty,16,social,1
00928,3,3270.0,0.8,beauty,2,search,0
00929,2,1938.0,2.7,both,15,influencer,0
00930,3,2773.5,7.1,fashion,53,social,0
00933,10,594.0,0.8,fashion,2,influencer,1
00934,14,913.5,5.6,fashion,245,social,0
00935,4,925.5,4.3,both,15,social,0
00936,6,817.5,1.6,beauty,1,social,1
00937,2,1950.0,3.2,beauty,207,social,0
00938,4,804.0,7.2,both,14,social,1
00939,12,745.5,8.7,both,0,social,0
00941,13,1626.0,3.7,both,25,social,1
00942,3,2488.5,8.5,beauty,16,social,1
00944,4,3580.5,3.1,both,3,influencer,0
00945,1,4359.0,5.7,fashion,5,social,1
00946,2,978.0,5.6,both,5,social,0
00947,7,1029.0,5.2,both,2,social,1
00948,2,5904.0,6.8,beauty,70,search,0
00949,14,3022.5,4.2,beauty,64,crm,0
00952,6,4843.5,2.1,fashion,103,search,1
00954,8,2982.0,6.5,both,9,social,0
00956,13,6339.0,0.2,beauty,7,social,1
00957,5,4857.0,1.4,both,20,social,1
00958,11,2715.0,7.7,fashion,156,search,1
00962,7,1206.0,7.9,fashion,281,social,1
00963,0,2599.5,8.4,fashion,57,social,0
00965,1,2377.5,2.7,both,5,influencer,1
00966,14,3126.0,9.1,beauty,122,influencer,1
00967,12,1086.0,4.0,beauty,78,search,0
00969,7,5118.0,3.9,beauty,219,social,1
00970,8,1231.5,4.9,both,15,search,0
00971,8,1834.5,3.3,fashion,60,influencer,0
00973,12,2128.5,3.0,beauty,75,influencer,0
00974,1,2242.5,4.0,fashion,32,social,0
00975,1,1734.0,1.7,fashion,71,search,1
00976,8,528.0,6.9,fashion,137,social,0
00977,1,2866.5,4.9,both,3,social,1
00979,1,3276.0,5.2,fashion,182,influencer,1
00980,0,2604.0,0.0,fashion,73,influencer,1
00981,11,2505.0,0.5,fashion,10,social,1
00983,10,1609.5,4.0,fashion,158,influencer,0
00984,13,3232.5,6.2,beauty,11,search,1
00985,9,1218.0,2.6,beauty,0,influencer,0
00986,6,1600.5,6.3,beauty,49,social,1
00987,11,2962.5,7.1,fashion,65,search,1
00988,10,4935.0,0.1,beauty,8,social,0
00989,4,1077.0,1.4,beauty,129,influencer,0
00990,2,718.5,7.7,beauty,2,influencer,0
00992,4,5031.0,4.5,fashion,78,search,1
00993,0,2436.0,6.6,beauty,19,social,1
00994,8,2988.0,0.4,fashion,42,search,0
00996,13,1527.0,4.0,beauty,63,social,0
00997,4,4758.0,8.2,beauty,73,social,0
00998,2,1885.5,2.1,beauty,32,search,0
01000,7,2632.5,1.2,beauty,39,social,0
01001,1,2101.5,0.2,fashion,9,influencer,1
01002,10,4573.5,7.7,beauty,8,search,1
01003,13,2173.5,4.5,both,65,social,0
01004,2,4018.5,3.4,beauty,11,social,0
01005,6,2028.0,1.6,fashion,11,social,0
01006,1,678.0,6.9,fashion,82,search,1
01008,10,3313.5,4.2,fashion,114,crm,0
01010,4,2001.0,2.4,fashion,1,influencer,0
01011,8,2163.0,4.1,fashion,32,influencer,1
01012,13,2332.5,5.5,both,1,search,0
01013,6,882.0,1.7,beauty,230,social,0
01016,12,5511.0,6.4,fashion,75,social,0
01017,2,1474.5,6.3,beauty,146,search,1
01019,9,2703.0,9.3,fashion,73,social,1
01020,8,3456.0,6.0,beauty,21,influencer,1
01022,8,1077.0,1.9,beauty,3,social,0
01025,0,1042.5,2.0,fashion,43,crm,0
01026,8,1009.5,5.8,both,199,social,0
01027,6,966.0,1.8,beauty,225,search,0
01028,1,1930.5,8.0,fashion,24,search,0
01029,5,4687.5,5.2,fashion,2,social,1
01030,10,2967.0,5.0,both,10,social,1
01031,8,3496.5,3.1,fashion,47,search,0
01032,7,924.0,5.1,beauty,259,search,0
01033,10,4197.0,6.3,beauty,3,social,1
01035,5,603.0,5.9,fashion,6,social,1
01036,5,1317.0,5.3,beauty,83,social,1
01038,8,5086.5,3.6,both,62,social,1
01039,7,5268.0,8.0,both,220,search,0
01040,0,5175.0,7.7,both,214,search,1
01041,14,1122.0,6.0,fashion,76,influencer,0
01043,5,1309.5,1.6,both,49,crm,0
01046,3,510.0,3.6,fashion,259,influencer,0
01047,11,2647.5,5.9,beauty,40,search,1
01048,3,3673.5,3.2,beauty,43,social,0
01049,12,5830.5,2.8,beauty,279,search,0
01050,1,1359.0,3.9,fashion,22,influencer,1
01051,9,5158.5,1.0,both,46,search,1
01053,9,2545.5,7.5,both,1,search,0
01054,8,4998.0,4.3,beauty,60,crm,0
01056,8,1764.0,2.0,beauty,82,search,1
01057,12,930.0,7.2,beauty,44,social,0
01058,14,4941.0,2.5,beauty,61,search,0
01059,1,4041.0,6.9,beauty,33,search,1
01063,14,3799.5,8.1,fashion,7,social,0
01064,14,6060.0,3.9,fashion,47,influencer,0
01065,1,1072.5,6.3,both,17,search,0
01066,9,2137.5,9.3,both,28,social,1
01067,6,3498.0,6.3,beauty,6,influencer,1
01068,8,1462.5,3.9,both,189,crm,0
01070,13,1872.0,0.8,beauty,82,influencer,0
01072,3,637.5,5.1,fashion,47,influencer,0
01073,3,2722.5,4.8,fashion,66,crm,1
01075,5,2986.5,3.6,beauty,61,search,0
01076,4,6817.5,6.2,beauty,8,social,1
01078,12,3195.0,4.0,fashion,26,social,0
01079,4,487.5,6.5,beauty,41,social,0
01080,8,5358.0,1.0,both,69,search,0
01082,10,1252.5,5.0,fashion,75,influencer,1
01083,0,2226.0,9.3,fashion,46,search,0
01084,7,1335.0,3.3,both,53,social,1
01087,7,1920.0,9.5,fashion,67,social,1
01088,12,1420.5,6.6,fashion,242,social,0
01089,11,1780.5,0.2,both,9,social,1
01092,2,4963.5,6.2,beauty,3,crm,1
01093,9,2224.5,7.2,beauty,19,social,1
01096,7,2803.5,0.1,fashion,31,crm,0
01097,11,1435.5,4.3,fashion,26,social,0
01098,7,4378.5,8.1,both,299,social,1
01099,14,2545.5,3.7,beauty,24,influencer,0
01100,13,999.0,2.5,fashion,86,influencer,1
01102,3,2928.0,3.1,fashion,89,influencer,0
01103,8,4489.5,5.5,both,31,social,0
01105,14,2815.5,4.9,beauty,25,influencer,0
01106,8,915.0,6.8,beauty,221,search,1
01107,9,5826.0,5.6,both,276,social,1
01108,12,2815.5,0.3,fashion,222,social,1
01110,9,552.0,7.4,beauty,12,search,0
01111,5,3829.5,4.9,beauty,121,social,1
01113,7,6159.0,4.5,fashion,43,social,1
01114,12,4918.5,3.5,beauty,3,search,0
01115,8,2793.0,5.0,beauty,1,social,1
01116,14,610.5,7.9,both,6,social,0
01117,7,4243.5,1.7,beauty,213,social,1
01118,14,3760.5,6.0,beauty,52,search,1
01119,12,4098.0,4.6,fashion,138,social,0
01120,0,2103.0,4.6,both,12,search,1
01121,11,1806.0,2.1,beauty,181,search,0
01123,8,721.5,1.0,fashion,176,social,0
01124,8,1905.0,4.8,beauty,201,crm,0
01125,6,4462.5,5.0,beauty,78,social,1
01126,6,643.5,5.6,both,9,social,1
01127,3,1203.0,7.9,beauty,44,influencer,1
01128,6,684.0,6.5,beauty,14,influencer,1
01129,9,2314.5,0.7,fashion,14,social,0
01130,4,5013.0,6.2,fashion,221,social,0
01131,10,1525.5,6.1,beauty,140,search,0
01132,9,1287.0,1.6,fashion,23,social,0
01136,8,3994.5,1.1,beauty,63,social,1
01137,1,3831.0,3.6,fashion,275,crm,0
01138,9,2451.0,1.1,beauty,18,social,0
01139,10,1840.5,8.6,beauty,1,social,0
01140,11,5131.5,4.2,fashion,11,influencer,1
01141,1,742.5,4.8,beauty,286,social,1
01142,14,915.0,7.4,both,15,social,0
01143,8,2055.0,1.8,both,73,social,0
01144,2,3442.5,7.0,both,114,social,1
01145,1,5563.5,3.5,fashion,157,social,1
01146,6,2757.0,3.2,beauty,36,influencer,1
01147,11,507.0,2.8,both,14,search,1
01148,8,1953.0,3.4,fashion,11,search,0
01149,10,1584.0,7.6,fashion,83,social,0
01150,12,6480.0,7.0,both,2,social,1
01151,5,3568.5,1.8,beauty,259,crm,1
01153,6,4845.0,1.1,beauty,8,influencer,0
01155,12,1776.0,7.0,fashion,188,crm,1
01156,2,1548.0,0.1,beauty,158,social,0
01157,10,5448.0,5.4,beauty,4,social,1
01158,2,3016.5,7.4,fashion,273,search,0
01159,14,5121.0,0.5,fashion,1,influencer,0
01160,7,7012.5,4.8,fashion,20,social,0
01163,5,5254.5,3.3,beauty,45,influencer,1
01164,8,1161.0,2.0,fashion,44,influencer,0
01165,2,1828.5,4.0,both,39,social,1
01166,11,2364.0,4.7,both,21,influencer,1
01167,2,1410.0,9.5,beauty,53,influencer,1
01168,13,2475.0,6.7,both,64,social,0
01169,10,2520.0,4.5,both,4,social,1
01171,10,5035.5,3.0,fashion,79,social,1
01172,7,1099.5,7.6,beauty,8,social,1
01173,4,4363.5,6.2,beauty,217,influencer,0
01174,13,2790.0,1.6,fashion,72,social,1
01176,2,1525.5,4.1,beauty,298,social,1
01178,7,1938.0,5.5,fashion,22,influencer,0
01179,3,2938.5,0.8,both,23,social,1
01182,5,2556.0,0.6,beauty,66,crm,1
01183,9,2862.0,8.3,both,113,influencer,1
01184,3,2830.5,0.1,fashion,35,search,1
01185,3,511.5,7.2,both,86,search,0
01186,9,5467.5,4.7,beauty,40,social,1
01187,4,6891.0,1.8,fashion,0,influencer,0
01188,12,5746.5,2.6,fashion,6,crm,1
01192,6,577.5,3.5,both,83,influencer,0
01194,9,6421.5,1.6,beauty,44,social,1
01195,6,496.5,6.1,beauty,49,social,0
01198,12,2040.0,4.1,both,4,social,0
01200,1,4335.0,7.0,beauty,26,social,1
01201,7,2473.5,4.0,fashion,225,search,1
01202,9,4080.0,9.3,beauty,0,influencer,0
01205,4,3826.5,1.9,beauty,248,social,0
01206,13,2395.5,3.7,fashion,47,social,1
01207,7,2476.5,3.0,fashion,56,search,1
01208,9,1624.5,6.5,beauty,10,social,1
01209,12,5095.5,8.2,fashion,11,social,1
01210,8,1828.5,3.7,both,105,social,0
01211,6,4983.0,8.0,both,158,social,1
01214,2,4120.5,5.2,fashion,13,crm,0
01215,10,936.0,6.6,fashion,48,crm,1
01217,5,2371.5,5.4,fashion,18,social,0
01219,5,462.0,6.9,fashion,61,social,0
01220,9,823.5,7.3,beauty,40,social,0
01222,8,1926.0,7.0,fashion,36,influencer,0
01223,10,5664.0,2.1,fashion,65,search,0
01225,3,4186.5,2.5,fashion,86,social,1
01226,2,4974.0,6.0,both,31,crm,1
01227,2,1939.5,4.8,beauty,2,search,0
01228,0,841.5,1.3,fashion,62,social,0
01229,13,858.0,4.6,fashion,12,search,0
01230,9,2517.0,1.5,fashion,10,social,1
01231,5,2923.5,9.4,beauty,16,search,1
01232,14,2226.0,1.2,fashion,68,social,0
01233,14,1131.0,8.4,beauty,5,social,1
01234,8,1227.0,2.9,beauty,37,search,0
01235,4,2563.5,8.4,beauty,61,social,1
01236,11,805.5,8.1,fashion,62,crm,1
01237,11,2449.5,6.7,both,64,social,1
01239,13,594.0,7.8,beauty,170,crm,0
01240,9,2899.5,6.4,fashion,237,influencer,0
01241,1,2394.0,0.3,fashion,60,search,0
01242,9,3997.5,1.4,both,132,social,1
01243,3,2989.5,3.5,both,87,crm,1
01244,11,2325.0,6.7,beauty,55,social,0
01245,5,4479.0,6.8,fashion,30,influencer,0
01246,13,2095.5,6.3,both,13,influencer,1
01247,6,1390.5,1.9,fashion,186,social,0
01248,11,3153.0,7.2,fashion,10,influencer,1
01249,12,2890.5,3.6,fashion,78,social,0
01251,6,2976.0,3.6,fashion,223,search,1
01253,3,5851.5,3.6,beauty,102,social,1
01254,9,4384.5,4.5,beauty,173,social,1
01255,9,2938.5,6.7,fashion,47,social,0
01256,4,3069.0,4.8,beauty,58,search,1
01257,12,1426.5,0.6,fashion,116,crm,0
01258,3,2442.0,3.2,both,44,social,0
01259,11,3066.0,7.0,both,13,social,1
01261,5,693.0,7.3,beauty,11,search,0
01262,10,2160.0,4.7,beauty,43,influencer,0
01263,13,6045.0,2.8,fashion,4,search,1
01264,6,3981.0,5.0,beauty,55,social,0
01265,1,5322.0,8.1,beauty,87,influencer,1
01266,13,5181.0,1.8,fashion,1,search,1
01267,9,2655.0,0.9,beauty,20,social,1
01268,11,1351.5,6.7,beauty,125,social,1
01271,7,2322.0,5.9,fashion,141,search,1
01272,6,5152.5,4.0,fashion,49,influencer,0
01274,0,1729.5,2.8,fashion,8,social,0
01275,3,1383.0,7.4,fashion,2,influencer,1
01277,13,2908.5,5.6,both,262,social,0
01279,14,3253.5,3.0,beauty,11,social,1
01280,3,646.5,2.8,fashion,131,social,0
01282,9,2247.0,7.4,beauty,54,social,0
01284,9,2896.5,5.3,fashion,226,influencer,0
01285,6,1902.0,4.6,beauty,0,crm,0
01286,7,2788.5,4.8,fashion,10,social,1
01287,11,1042.5,2.8,beauty,61,search,0
01288,8,2349.0,0.1,both,3,social,0
01289,14,2689.5,4.1,fashion,81,search,0
01290,12,2121.0,1.0,both,198,social,0
01292,3,970.5,8.0,fashion,8,social,1
01293,0,3676.5,7.6,both,61,search,1
01294,2,3385.5,8.7,fashion,233,influencer,1
01296,6,2682.0,4.8,fashion,11,search,0
01297,14,2839.5,1.4,fashion,11,social,0
01298,14,2268.0,3.8,fashion,212,social,0
01299,7,3813.0,5.5,fashion,299,social,1
01302,5,2640.0,3.1,fashion,287,social,0
01304,11,2599.5,6.3,fashion,14,social,1
01307,8,3048.0,4.4,fashion,52,influencer,1
01308,4,4044.0,3.4,beauty,62,search,1
01309,8,3381.0,3.8,both,74,social,0
01310,14,1827.0,0.6,beauty,114,social,1
01311,14,874.5,4.5,fashion,33,social,1
01313,12,1923.0,4.5,fashion,95,social,0
01314,3,2131.5,6.2,both,16,influencer,1
01315,11,3450.0,4.0,beauty,18,influencer,1
01317,0,822.0,8.1,beauty,278,social,1
01318,5,1968.0,7.5,beauty,0,search,1
01319,2,2481.0,6.0,fashion,78,influencer,1
01320,10,1888.5,4.3,beauty,76,search,0
01321,14,2359.5,3.7,beauty,20,social,0
01323,1,2016.0,3.7,beauty,80,crm,0
01324,5,1086.0,9.0,both,58,social,0
01325,0,625.5,6.9,fashion,75,social,1
01326,13,582.0,5.9,fashion,71,social,1
01327,11,1134.0,9.3,beauty,241,crm,0
01328,8,607.5,6.0,beauty,128,search,0
01329,4,2650.5,4.1,beauty,276,social,1
01332,9,4332.0,4.0,fashion,9,social,0
01335,12,4309.5,0.0,fashion,69,social,0
01336,6,2725.5,6.9,beauty,12,influencer,0
01338,3,2437.5,4.9,beauty,64,search,1
01339,14,1042.5,9.5,beauty,10,social,0
01340,3,2784.0,0.0,fashion,7,social,1
01341,6,972.0,3.6,beauty,13,crm,1
01342,7,2700.0,5.1,beauty,72,social,0
01343,6,1153.5,4.8,beauty,12,search,0
01345,13,1252.5,4.9,fashion,7,search,0
01346,13,507.0,0.1,both,77,search,0
01348,3,5056.5,0.1,fashion,16,search,1
01357,13,1597.5,5.9,beauty,23,search,0
01359,13,5457.0,4.9,both,1,influencer,1
01360,2,2700.0,4.9,both,3,social,0
01361,11,4963.5,5.0,fashion,79,social,1
01362,9,1488.0,2.4,beauty,11,influencer,1
01363,0,2374.5,4.3,fashion,146,social,1
01364,14,2065.5,7.5,both,33,social,0
01365,4,6316.5,6.6,fashion,27,social,1
01366,5,4983.0,1.3,fashion,10,social,1
01367,10,2256.0,7.0,fashion,71,social,1
01369,4,916.5,8.8,both,201,social,0
01370,0,2197.5,4.2,beauty,50,search,1
01371,10,3783.0,1.1,beauty,10,influencer,1
01372,10,2619.0,5.9,both,9,influencer,1
01373,3,1531.5,4.3,beauty,61,social,0
01374,1,460.5,0.8,beauty,2,search,0
01376,13,5898.0,3.1,fashion,14,social,0
01377,6,6310.5,0.5,beauty,10,social,1
01378,8,4620.0,3.7,beauty,77,social,0
01379,11,2878.5,8.3,fashion,186,social,1
01381,2,4053.0,4.6,fashion,2,search,1
01382,10,3345.0,3.3,fashion,278,social,0
01383,3,3841.5,6.0,fashion,12,search,0
01384,6,4507.5,0.4,both,1,search,1
01387,4,1035.0,5.5,fashion,10,influencer,1
01388,3,1974.0,8.4,both,160,search,0
01390,7,3312.0,4.8,fashion,19,influencer,0
01391,11,2877.0,5.6,beauty,52,social,0
01392,3,1426.5,6.1,fashion,14,social,0
01398,3,2040.0,2.6,both,44,search,0
01399,9,3711.0,1.5,beauty,7,crm,1
01401,6,2733.0,4.9,fashion,288,crm,1
01402,1,4863.0,1.1,fashion,6,social,1
01403,10,736.5,6.7,beauty,285,social,1
01404,4,2701.5,6.0,fashion,14,search,1
01405,11,3274.5,0.6,beauty,171,influencer,0
01406,12,4858.5,5.6,beauty,32,influencer,0
01407,3,1206.0,8.1,both,237,social,1
01408,8,1698.0,4.6,fashion,18,search,1
01410,13,3628.5,6.2,fashion,77,social,1
01411,8,1159.5,2.0,fashion,49,influencer,1
01412,10,1126.5,5.2,both,51,social,1
01414,12,1588.5,0.1,beauty,254,social,0
01415,9,4470.0,5.7,fashion,44,social,0
01418,11,4924.5,3.3,fashion,24,influencer,1
01419,1,3736.5,1.9,fashion,46,social,1
01420,1,583.5,7.4,fashion,230,search,0
01421,4,3201.0,3.6,fashion,119,search,1
01423,12,3271.5,9.5,fashion,39,influencer,0
01425,1,3541.5,2.1,beauty,38,search,0
01427,8,3348.0,7.9,both,89,social,1
01428,7,1342.5,3.3,fashion,81,search,1
01429,9,2325.0,4.6,beauty,75,social,1
01432,3,1506.0,4.8,fashion,43,social,0
01434,1,5697.0,6.2,fashion,37,influencer,1
01435,1,2377.5,4.0,fashion,122,social,1
01436,4,3489.0,2.3,fashion,69,social,1
01439,14,3057.0,4.5,beauty,1,social,0
01440,7,2764.5,5.0,beauty,38,social,1
01441,3,5113.5,5.0,beauty,174,social,1
01442,14,2463.0,4.8,both,87,social,1
01443,14,5118.0,8.3,fashion,258,search,1
01446,4,618.0,4.2,beauty,54,crm,0
01447,0,1419.0,8.2,beauty,0,search,0
01448,13,1105.5,1.0,beauty,72,search,0
01449,13,3031.5,8.1,both,16,social,1
01450,8,3504.0,7.6,fashion,6,social,0
01453,11,1047.0,8.1,fashion,233,influencer,1
01454,2,4584.0,1.4,both,135,influencer,0
01456,14,4120.5,4.7,fashion,1,social,0
01458,6,4047.0,1.6,fashion,62,influencer,0
01459,0,4686.0,6.6,beauty,12,influencer,1
01460,0,901.5,2.9,fashion,22,influencer,1
01461,9,1497.0,9.1,beauty,41,influencer,1
01464,13,2172.0,8.6,beauty,1,search,1
01466,11,3210.0,3.4,beauty,32,influencer,1
01469,2,904.5,5.4,beauty,7,social,0
01470,12,678.0,2.4,both,209,search,1
01471,2,3706.5,5.9,fashion,276,influencer,0
01473,14,6411.0,1.2,both,65,social,1
01474,12,1431.0,0.1,fashion,243,search,1
01475,10,2850.0,1.7,fashion,14,social,1
01476,9,2304.0,1.3,beauty,50,social,0
01477,1,4407.0,2.9,fashion,60,social,0
01478,12,3823.5,0.3,fashion,10,social,0
01479,8,697.5,1.4,both,36,influencer,1
01481,11,481.5,0.2,both,28,influencer,0
01482,3,2152.5,3.2,beauty,3,crm,0
01483,9,2703.0,2.8,fashion,58,influencer,0
01484,2,1587.0,5.6,fashion,1,search,1
01486,10,1798.5,0.7,fashion,64,influencer,0
01487,6,3001.5,9.1,beauty,89,crm,1
01489,8,4810.5,2.9,fashion,84,social,0
01490,11,2098.5,3.4,fashion,4,social,1
01491,12,1173.0,6.8,fashion,20,social,1
01492,1,3264.0,7.9,fashion,66,influencer,0
01493,13,1542.0,7.9,beauty,41,social,0
01494,5,2250.0,6.5,both,275,social,1
01495,4,1168.5,8.2,beauty,12,influencer,0
01496,0,4249.5,4.5,beauty,24,social,0
01497,10,2908.5,3.3,fashion,239,social,1
01498,6,3315.0,5.7,both,6,social,0
01499,0,1318.5,0.0,both,34,crm,1
01500,9,1009.5,9.5,beauty,45,crm,0
01501,8,5313.0,4.3,beauty,18,search,0
01502,3,1716.0,1.5,both,10,influencer,0
01503,13,1948.5,8.2,fashion,73,social,1
01504,7,2967.0,1.6,beauty,1,influencer,1
01506,4,1261.5,2.3,both,33,search,0
01507,2,2634.0,4.3,beauty,12,influencer,0
01508,3,1114.5,4.8,fashion,17,social,0
01509,11,1338.0,2.3,beauty,2,crm,1
01510,3,3313.5,3.3,fashion,8,influencer,1
01512,9,2884.5,5.5,both,68,search,1
01514,12,5581.5,2.1,fashion,73,social,0
01515,2,765.0,4.7,fashion,15,social,0
01516,0,5214.0,3.4,both,3,social,0
01517,4,3886.5,0.7,both,10,social,1
01519,12,1611.0,1.2,fashion,20,social,1
01520,10,2208.0,3.6,fashion,296,social,0
01521,12,3250.5,5.1,both,0,influencer,1
01524,5,4779.0,2.1,beauty,42,search,1
01526,8,2538.0,3.6,beauty,14,crm,1
01527,6,6186.0,3.8,beauty,250,social,0
01529,6,6640.5,0.5,both,79,search,1
01530,9,726.0,4.3,beauty,92,crm,1
01531,13,420.0,3.6,beauty,9,influencer,0
01532,7,2533.5,1.7,fashion,72,influencer,0
01533,2,2878.5,3.8,beauty,41,search,0
01534,2,4288.5,8.6,fashion,51,social,1
01535,10,2443.5,3.0,fashion,14,influencer,0
01536,1,880.5,6.8,beauty,48,search,1
01537,11,1606.5,3.7,both,42,search,1
01539,0,3070.5,9.5,beauty,7,social,0
01540,2,3346.5,7.8,both,13,social,0
01541,9,2164.5,4.0,fashion,41,social,0
01542,11,1971.0,3.7,beauty,79,influencer,1
01543,10,1696.5,8.1,beauty,199,social,0
01544,6,3183.0,4.8,fashion,84,social,0
01545,10,4236.0,5.3,fashion,244,social,0
01546,8,4003.5,0.8,beauty,28,search,1
01547,13,426.0,7.5,both,4,influencer,0
01548,8,3873.0,6.9,fashion,2,social,1
01549,12,2718.0,7.5,both,76,social,1
01550,5,1945.5,7.8,beauty,79,influencer,0
01551,13,4237.5,8.3,beauty,240,social,0
01553,5,1053.0,2.1,beauty,191,crm,0
01554,10,3451.5,8.2,fashion,299,influencer,0
01555,4,1665.0,1.0,beauty,18,social,0
01556,14,1996.5,2.7,beauty,77,search,0
01557,1,2904.0,3.4,beauty,13,social,1
01558,6,2413.5,2.5,both,37,influencer,0
01559,0,679.5,2.7,fashion,27,social,0
01561,13,762.0,3.7,both,40,search,1
01562,3,2062.5,7.3,beauty,280,crm,1
01564,14,1242.0,1.8,fashion,79,social,0
01565,10,2415.0,3.1,fashion,26,social,0
01566,12,3531.0,0.6,beauty,3,influencer,1
01567,0,1432.5,8.7,both,22,crm,1
01569,5,1936.5,9.2,both,10,social,1
01571,6,2613.0,1.6,beauty,62,social,0
01572,10,2974.5,1.3,fashion,273,social,0
01575,0,2835.0,2.2,both,40,crm,0
01576,6,2086.5,3.4,beauty,154,crm,1
01577,10,648.0,5.1,beauty,63,influencer,1
01578,11,2439.0,0.3,beauty,0,social,0
01579,5,2524.5,2.0,fashion,17,search,0
01580,6,922.5,1.3,fashion,168,social,1
01581,14,2814.0,1.6,fashion,37,search,0
01582,12,394.5,0.8,both,39,social,0
01583,7,1783.5,3.3,beauty,116,social,0
01584,7,744.0,2.6,both,62,social,0
01585,8,444.0,1.4,fashion,14,social,0
01586,12,2619.0,7.3,fashion,2,search,1
01587,8,4090.5,2.5,fashion,9,social,1
01588,6,1414.5,8.5,fashion,33,social,0
01590,5,1549.5,4.8,both,244,search,1
01591,8,3192.0,0.7,beauty,206,social,0
01592,10,1831.5,4.4,both,83,influencer,0
01593,1,1005.0,3.5,beauty,45,influencer,0
01594,10,2719.5,3.5,fashion,42,social,1
01595,1,1296.0,1.9,beauty,35,social,0
01596,13,498.0,1.7,fashion,21,search,0
01597,5,2494.5,3.4,fashion,104,social,0
01598,2,2022.0,8.3,fashion,12,social,1
01599,1,2334.0,7.7,beauty,81,search,1
01600,7,2808.0,2.0,fashion,56,influencer,0
01601,6,3562.5,2.7,fashion,73,social,1
01603,5,1695.0,3.5,fashion,38,influencer,1
01604,8,2937.0,5.2,fashion,56,search,1
01605,8,3151.5,3.1,beauty,2,search,0
01606,1,2166.0,6.4,fashion,19,search,1
01608,4,1753.5,3.9,fashion,5,social,0
01609,8,1581.0,8.2,fashion,35,social,0
01610,2,1291.5,7.8,fashion,11,social,0
01612,14,3184.5,7.5,fashion,63,crm,0
01613,7,3639.0,0.3,fashion,1,influencer,1
01614,1,3456.0,3.5,beauty,268,influencer,0
01617,10,3630.0,7.2,beauty,18,influencer,1
01619,11,5760.0,1.4,fashion,2,social,1
01620,14,1480.5,5.1,beauty,31,search,0
01621,14,652.5,1.1,beauty,1,search,0
01625,2,1356.0,1.0,beauty,35,search,0
01626,5,3492.0,2.6,beauty,30,search,1
01627,6,4570.5,0.7,both,31,crm,0
01628,9,2193.0,3.3,beauty,59,social,1
01629,2,4825.5,0.5,fashion,2,search,1
01630,4,5319.0,0.1,both,21,social,0
01631,12,5725.5,5.1,both,43,social,1
01632,11,1800.0,4.8,beauty,271,social,1
01634,14,2428.5,9.5,both,6,search,1
01636,6,730.5,6.2,beauty,38,social,0
01637,12,2565.0,5.2,fashion,56,social,1
01638,0,2304.0,4.8,beauty,61,social,1
01641,3,466.5,5.4,fashion,62,social,0
01642,14,6742.5,7.1,beauty,244,social,1
01643,3,4200.0,7.5,fashion,254,crm,0
01644,11,1561.5,1.8,beauty,34,influencer,1
01645,4,2286.0,3.1,fashion,244,social,1
01646,1,2254.5,5.5,fashion,273,social,1
01648,13,4309.5,4.2,beauty,31,search,0
01649,11,1041.0,2.8,both,5,social,1
01651,11,1219.5,6.2,fashion,173,search,1
01652,14,576.0,3.5,beauty,84,search,0
01653,5,3744.0,4.1,beauty,69,search,1
01654,5,3546.0,2.3,fashion,54,search,1
01656,7,990.0,4.9,beauty,0,social,0
01658,9,3019.5,8.3,fashion,52,search,1
01659,11,1008.0,5.9,fashion,67,search,0
01660,0,1593.0,3.9,fashion,208,social,0
01661,3,3688.5,3.0,fashion,80,crm,0
01662,11,655.5,2.7,both,33,social,1
01663,1,3540.0,6.0,fashion,28,social,1
01665,7,2197.5,8.6,fashion,44,social,1
01666,11,1092.0,6.5,both,7,social,0
01667,3,4810.5,2.7,beauty,0,social,1
01668,13,2614.5,3.7,fashion,54,social,0
01669,7,5757.0,2.2,both,127,social,0
01670,12,799.5,4.5,fashion,3,social,0
01672,12,4281.0,3.6,both,43,influencer,1
01673,13,1408.5,0.3,fashion,70,crm,0
01674,3,2578.5,4.4,fashion,164,social,0
01675,11,1801.5,4.1,beauty,213,influencer,1
01679,9,943.5,5.8,beauty,69,crm,0
01680,14,6841.5,0.1,both,5,crm,0
01681,14,3303.0,2.8,beauty,105,influencer,0
01682,14,1668.0,0.3,both,64,social,1
01683,11,3081.0,1.6,fashion,12,influencer,1
01685,8,3276.0,7.9,both,67,influencer,1
01686,6,6358.5,4.6,both,30,social,1
01687,10,2355.0,5.0,fashion,9,search,0
01689,6,3294.0,7.5,both,56,crm,1
01692,6,2875.5,4.6,fashion,5,search,0
01693,11,2191.5,4.3,fashion,9,search,1
01695,2,1546.5,1.2,fashion,103,social,0
01696,5,1869.0,3.5,beauty,5,crm,0
01697,7,4597.5,3.8,beauty,18,social,1
01698,9,2065.5,6.6,beauty,64,influencer,0
01699,7,2838.0,3.3,beauty,5,social,1
01700,13,1717.5,3.1,beauty,11,search,0
01702,5,5754.0,3.7,beauty,182,crm,1
01706,12,2632.5,7.4,fashion,49,search,0
01707,7,1543.5,0.4,fashion,30,social,1
01708,10,3735.0,5.7,both,33,social,1
01709,9,2595.0,0.7,both,151,social,0
01710,4,4069.5,9.3,both,219,social,1
01712,10,5485.5,4.6,fashion,53,search,1
01713,3,2568.0,4.0,beauty,242,crm,0
01714,10,691.5,0.6,both,14,social,0
01715,9,912.0,6.9,beauty,31,crm,0
01716,3,535.5,5.9,beauty,61,search,1
01717,7,427.5,1.8,fashion,208,social,0
01718,2,2406.0,5.1,fashion,4,influencer,0
01719,10,1629.0,4.1,fashion,45,social,0
01720,2,1600.5,0.7,beauty,50,influencer,0
01722,2,1713.0,3.2,fashion,201,influencer,1
01723,11,2052.0,8.3,beauty,146,social,1
01724,1,4266.0,3.4,fashion,76,social,1
01725,12,451.5,5.1,fashion,11,social,0
01726,10,3597.0,4.5,beauty,50,social,1
01727,12,2568.0,3.2,fashion,16,search,1
01730,10,5424.0,2.3,beauty,132,social,1
01731,2,1120.5,3.3,beauty,37,search,0
01732,5,5136.0,8.7,beauty,14,crm,1
01733,10,4629.0,7.2,fashion,56,search,0
01734,6,4267.5,7.5,both,44,social,0
01735,2,2176.5,2.3,fashion,28,social,1
01736,8,3027.0,0.4,beauty,32,social,1
01738,0,2680.5,3.9,both,80,search,1
01739,13,3355.5,4.8,beauty,7,crm,0
01740,6,1045.5,5.9,beauty,261,social,0
01742,6,2379.0,6.3,fashion,197,search,1
01743,8,1684.5,5.5,fashion,30,influencer,0
01744,8,844.5,5.7,fashion,244,crm,0
01745,0,1123.5,3.1,fashion,9,search,0
01746,9,2631.0,1.6,fashion,39,social,0
01747,12,2650.5,4.1,fashion,14,search,0
01748,11,588.0,7.7,fashion,0,search,0
01749,3,4347.0,4.9,beauty,263,social,0
01750,6,3006.0,6.1,both,10,influencer,1
01752,5,954.0,1.6,fashion,13,influencer,0
01754,8,3543.0,4.4,beauty,62,social,1
01757,14,3705.0,4.7,beauty,72,social,0
01759,6,1047.0,5.5,beauty,50,influencer,1
01762,4,1140.0,4.7,beauty,6,social,0
01763,13,1191.0,8.5,beauty,10,social,1
01764,1,2670.0,5.9,beauty,13,social,1
01765,9,1428.0,9.2,both,13,social,0
01766,2,3784.5,5.2,fashion,277,search,1
01767,5,3163.5,6.3,both,298,search,1
01768,12,1965.0,2.1,fashion,43,influencer,0
01769,5,1432.5,1.1,both,150,social,0
01771,5,874.5,4.4,fashion,3,search,1
01772,8,727.5,1.8,both,45,social,1
01774,4,1680.0,3.3,fashion,191,search,1
01775,14,2269.5,1.9,fashion,21,search,0
01776,4,3787.5,4.5,both,257,social,0
01777,7,3990.0,6.3,fashion,18,social,1
01779,0,2991.0,2.4,beauty,273,crm,0
01780,2,972.0,5.4,beauty,28,search,0
01782,5,1807.5,8.5,fashion,20,crm,0
01784,0,4896.0,6.7,beauty,61,crm,0
01786,9,1501.5,4.4,beauty,51,crm,1
01791,0,3343.5,4.4,beauty,0,social,1
01792,5,4680.0,0.3,beauty,205,crm,0
01793,14,843.0,6.3,both,20,social,1
01794,6,4015.5,6.4,fashion,1,search,1
01795,7,6277.5,5.8,beauty,164,social,0
01796,12,2001.0,2.4,beauty,85,social,0
01798,2,4590.0,1.3,fashion,52,social,0
01799,13,1896.0,0.7,fashion,75,search,1
01800,13,3159.0,4.2,fashion,199,social,1
01802,10,4863.0,0.8,beauty,166,social,1
01805,2,2491.5,9.7,fashion,19,influencer,1
01807,5,1864.5,2.9,beauty,42,social,0
01809,3,765.0,7.2,fashion,6,social,0
01810,4,2448.0,1.9,both,6,social,0
01811,4,2917.5,3.5,both,0,social,0
01812,8,3594.0,5.5,beauty,23,search,0
01816,11,978.0,5.1,fashion,3,social,0
01817,14,3033.0,6.5,fashion,13,influencer,0
01818,4,3295.5,7.0,both,293,search,0
01819,11,2941.5,7.8,beauty,65,influencer,0
01820,2,4116.0,8.6,beauty,80,social,0
01821,6,2187.0,4.1,beauty,260,influencer,1
01822,13,4290.0,5.1,beauty,25,search,1
01823,10,1185.0,4.3,fashion,4,search,1
01824,5,3648.0,0.8,fashion,33,search,0
01826,7,2478.0,3.9,beauty,27,crm,1
01827,4,1647.0,7.8,both,62,social,0
01828,5,3177.0,4.6,fashion,58,influencer,1
01829,7,3034.5,1.5,both,33,crm,1
01830,12,1759.5,7.8,both,0,search,0
01831,5,2889.0,6.3,both,4,influencer,1
01832,9,5547.0,4.1,both,3,influencer,0
01833,2,835.5,2.7,beauty,38,social,1
01835,6,3550.5,0.7,beauty,176,search,0
01837,3,3741.0,0.4,both,59,influencer,0
01838,12,2506.5,9.2,beauty,20,search,1
01839,5,2601.0,2.1,fashion,209,social,1
01840,5,5190.0,6.1,fashion,237,social,1
01841,10,2473.5,1.8,beauty,3,social,0
01844,0,5761.5,6.1,beauty,64,search,1
01845,13,550.5,7.8,fashion,33,social,1
01846,7,1602.0,0.3,fashion,269,crm,0
01848,13,1678.5,4.6,fashion,45,influencer,1
01850,1,3073.5,7.4,beauty,187,social,1
01851,3,2320.5,2.7,fashion,12,social,1
01852,12,1948.5,4.0,beauty,57,social,1
01855,5,2416.5,3.9,fashion,6,social,0
01856,10,3240.0,4.3,beauty,41,social,0
01857,0,1186.5,6.2,beauty,28,influencer,1
01859,4,1729.5,3.9,both,5,social,1
01860,4,3532.5,1.1,beauty,0,social,0
01861,3,846.0,8.6,fashion,56,crm,0
01862,3,2455.5,4.3,beauty,40,social,1
01863,12,5010.0,8.8,beauty,37,crm,1
01864,14,2383.5,1.9,beauty,35,social,1
01865,12,790.5,5.9,both,280,search,1
01867,8,2490.0,8.9,fashion,17,crm,0
01868,8,1167.0,7.7,beauty,9,influencer,1
01869,12,3441.0,2.7,beauty,27,search,1
01870,3,954.0,1.3,fashion,130,social,0
01871,9,1965.0,1.6,fashion,153,social,0
01872,9,3097.5,7.5,both,63,search,0
01873,3,2475.0,2.7,fashion,6,influencer,1
01874,11,2028.0,4.5,beauty,70,influencer,0
01875,6,3033.0,4.8,fashion,143,social,1
01876,3,1129.5,7.7,both,38,search,1
01879,14,1611.0,6.0,beauty,88,crm,1
01880,12,651.0,5.9,beauty,46,social,1
01881,8,885.0,3.8,both,211,search,1
01882,1,2157.0,3.7,both,2,search,1
01883,4,1261.5,0.5,beauty,9,social,0
01886,5,5245.5,7.6,fashion,123,search,0
01887,14,2760.0,6.6,fashion,261,social,1
01888,6,990.0,8.2,both,239,social,0
01889,1,1917.0,5.9,fashion,155,social,0
01891,13,2370.0,4.4,beauty,187,search,0
01892,3,4726.5,6.1,beauty,88,crm,1
01894,12,2952.0,4.4,fashion,44,social,1
01895,1,1414.5,3.7,beauty,12,search,0
01896,9,643.5,5.9,fashion,175,social,0
01897,3,1122.0,1.4,beauty,81,social,1
01899,7,4971.0,5.9,fashion,162,social,0
01900,10,933.0,7.3,both,260,social,1
01901,13,5059.5,5.9,fashion,68,influencer,1
01902,0,2853.0,5.0,beauty,55,social,0
01904,7,3345.0,5.5,both,72,influencer,0
01905,13,1990.5,7.4,beauty,34,social,0
01906,10,1686.0,4.6,both,57,influencer,0
01909,13,1690.5,9.1,beauty,133,influencer,0
01910,14,5188.5,7.9,fashion,43,social,1
01911,9,3754.5,8.5,fashion,74,influencer,1
01912,0,1746.0,3.9,fashion,45,social,1
01913,7,865.5,4.6,fashion,9,search,0
01914,11,4228.5,6.3,beauty,45,social,1
01915,4,2421.0,4.5,fashion,120,influencer,0
01916,8,835.5,6.6,beauty,71,influencer,0
01918,8,5785.5,6.1,fashion,13,social,1
01919,5,540.0,9.0,fashion,35,social,0
01922,6,1903.5,8.4,beauty,23,search,0
01923,2,3072.0,8.0,beauty,23,search,0
01924,6,5664.0,7.3,beauty,1,social,0
01925,7,1651.5,0.8,fashion,53,influencer,1
01926,4,1033.5,4.0,beauty,48,social,0
01930,2,3327.0,6.4,fashion,39,search,1
01932,7,5031.0,6.4,beauty,294,search,1
01935,13,1813.5,6.4,beauty,77,influencer,1
01936,5,2670.0,6.3,fashion,274,crm,0
01938,3,3975.0,7.3,beauty,190,influencer,0
01939,14,2706.0,1.2,beauty,6,social,0
01941,10,1963.5,4.6,fashion,39,social,1
01942,9,4938.0,2.1,fashion,7,influencer,1
01943,4,2409.0,3.0,beauty,34,social,0
01944,2,3373.5,4.8,beauty,11,search,1
01945,9,918.0,6.1,beauty,3,social,1
01946,4,2044.5,7.7,beauty,126,social,1
01947,4,3612.0,4.0,beauty,31,social,0
01949,4,3628.5,5.5,fashion,77,social,0
01950,2,1917.0,6.7,fashion,28,search,0
01951,14,936.0,2.4,both,86,social,1
01953,4,819.0,6.2,beauty,58,social,0
01954,8,2397.0,3.3,beauty,101,social,0
01955,13,1131.0,4.5,fashion,80,search,0
01956,1,883.5,8.9,beauty,197,social,0
01957,8,3330.0,4.8,fashion,43,search,1
01958,2,3381.0,1.1,both,60,social,1
01959,12,2619.0,5.2,beauty,42,influencer,1
01961,6,5227.5,7.3,beauty,232,social,1
01962,11,2424.0,3.0,fashion,88,search,1
01964,0,3498.0,0.9,both,123,social,1
01965,0,2359.5,8.8,beauty,44,influencer,0
01966,7,3630.0,1.8,fashion,20,search,0
01968,2,1393.5,2.3,both,135,search,0
01970,14,721.5,5.1,fashion,43,social,0
01971,13,2130.0,2.6,fashion,13,crm,1
01972,2,1765.5,6.3,fashion,14,search,0
01973,5,2662.5,1.4,beauty,3,social,0
01974,6,883.5,5.9,fashion,58,influencer,1
01975,4,5067.0,4.5,beauty,43,search,0
01976,2,4669.5,6.6,both,69,social,1
01978,12,2130.0,4.6,both,202,influencer,1
01979,4,5014.5,6.4,beauty,10,social,0
01980,0,3357.0,8.2,fashion,0,search,1
01981,11,3697.5,1.5,beauty,15,social,1
01982,14,3811.5,4.0,beauty,13,search,0
01983,8,3156.0,1.3,fashion,6,crm,1
01984,2,2023.5,0.1,beauty,146,social,1
01985,1,2064.0,4.1,fashion,65,social,1
01986,2,2017.5,5.0,fashion,100,influencer,0
01987,6,766.5,4.7,fashion,57,search,1
01989,10,3406.5,8.2,fashion,298,influencer,1
01991,9,2901.0,3.8,fashion,66,influencer,0
01993,1,2131.5,4.6,fashion,48,social,1
01994,13,1561.5,8.5,fashion,284,crm,1
01995,12,2262.0,3.7,beauty,82,social,0
01997,10,2340.0,1.7,both,14,search,0
01998,4,4860.0,6.5,fashion,15,social,0
01999,8,2520.0,3.3,beauty,17,search,0
02000,6,538.5,4.0,beauty,54,social,0
02003,5,823.5,2.5,fashion,70,influencer,0
02004,8,730.5,7.8,fashion,3,influencer,0
02005,0,1399.5,4.4,both,27,search,0
02007,12,3798.0,2.2,fashion,38,social,1
02008,4,2221.5,2.7,beauty,15,search,1
02009,3,4498.5,8.6,fashion,5,influencer,0
02011,9,2247.0,8.8,beauty,38,search,0
02012,3,2664.0,9.0,fashion,5,social,1
02013,3,4437.0,7.1,beauty,61,social,1
02014,10,1750.5,2.9,fashion,131,search,1
02015,11,3108.0,7.7,fashion,211,social,0
02016,9,1024.5,2.7,both,75,social,1
02017,12,3630.0,0.3,beauty,29,social,1
02018,3,2317.5,7.3,beauty,0,social,0
02019,2,549.0,7.9,both,21,influencer,0
02021,0,1207.5,2.6,fashion,153,influencer,0
02022,1,3378.0,8.6,beauty,10,search,1
02023,0,2172.0,3.4,both,61,social,0
02024,13,1243.5,6.1,both,87,social,0
02025,3,1993.5,4.4,fashion,73,influencer,0
02026,4,4012.5,0.3,both,16,influencer,1
02027,10,1390.5,5.5,beauty,75,social,0
02028,14,1236.0,2.3,both,84,social,0
02030,4,2442.0,0.8,beauty,39,search,0
02032,10,4335.0,5.0,fashion,88,social,1
02035,9,2199.0,1.2,beauty,15,search,0
02036,5,3582.0,7.8,both,21,search,0
02037,5,3444.0,7.3,both,23,social,1
02038,11,4807.5,6.4,beauty,41,social,0
02039,1,2689.5,0.9,fashion,228,social,0
02040,1,634.5,0.6,beauty,294,search,0
02041,8,688.5,0.4,beauty,132,influencer,0
02042,11,1272.0,6.5,fashion,19,crm,0
02046,14,579.0,5.0,beauty,49,search,0
02047,8,1918.5,5.2,both,2,influencer,1
02048,13,1494.0,8.0,both,13,social,0
02049,5,5686.5,2.5,beauty,30,influencer,0
02050,10,2490.0,4.1,fashion,36,search,1
02051,14,4350.0,0.6,both,26,social,1
02052,14,4450.5,1.3,both,38,social,0
02055,11,1734.0,8.8,fashion,72,search,1
02056,9,1500.0,6.7,beauty,32,search,0
02057,4,2847.0,3.2,beauty,17,social,0
02058,14,745.5,9.3,both,66,social,1
02060,10,2590.5,6.1,beauty,30,influencer,1
02061,14,3985.5,5.2,fashion,106,crm,0
02062,3,4341.0,6.6,both,16,influencer,0
02063,14,1479.0,0.3,fashion,36,social,0
02064,9,5571.0,4.1,beauty,79,social,1
02065,9,1669.5,0.0,fashion,36,search,1
02066,2,868.5,7.7,both,0,social,1
02068,13,2868.0,3.4,beauty,83,search,1
02070,0,2901.0,5.9,beauty,216,search,1
02071,5,2833.5,1.1,both,18,social,0
02072,12,1455.0,3.4,fashion,70,search,1
02073,10,4189.5,4.6,fashion,42,social,1
02074,10,2077.5,6.0,both,237,social,0
02076,1,3048.0,1.6,fashion,67,influencer,1
02077,1,3093.0,4.3,both,274,social,0
02078,10,1560.0,9.1,both,127,influencer,1
02079,7,1227.0,4.6,fashion,40,search,0
02080,2,826.5,1.5,fashion,33,social,0
02081,8,1777.5,4.0,fashion,230,crm,0
02082,3,2007.0,2.2,fashion,9,crm,1
02084,5,2292.0,5.3,fashion,4,social,0
02085,0,4326.0,7.9,fashion,0,social,0
02086,10,2730.0,0.2,both,82,search,0
02087,14,4171.5,3.2,fashion,61,social,1
02088,9,4258.5,8.1,fashion,275,social,0
02089,9,1872.0,4.9,fashion,231,social,0
02090,2,3258.0,3.3,beauty,5,social,0
02091,3,3513.0,8.4,beauty,163,social,0
02092,4,3900.0,0.4,fashion,163,social,0
02093,12,4458.0,1.8,fashion,32,search,1
02097,4,1854.0,0.0,beauty,121,social,0
02098,3,5004.0,9.8,fashion,90,influencer,1
02099,9,4950.0,8.5,fashion,48,search,1
02100,9,2458.5,4.4,fashion,2,crm,0
02102,7,3730.5,4.8,fashion,196,social,1
02103,11,1294.5,1.8,fashion,264,social,0
02104,7,595.5,5.5,fashion,7,crm,1
02105,2,634.5,4.2,fashion,61,search,0
02106,12,3148.5,5.6,beauty,33,search,1
02108,9,1333.5,8.5,beauty,68,crm,1
02109,14,2349.0,6.7,beauty,6,social,0
02110,7,2977.5,5.0,beauty,18,social,1
02111,6,3946.5,3.8,fashion,85,search,0
02112,13,2685.0,8.9,beauty,267,crm,1
02113,8,4272.0,7.1,both,63,influencer,0
02116,6,1170.0,2.2,fashion,82,social,1
02117,1,4278.0,1.9,fashion,68,social,1
02118,3,3009.0,8.6,both,197,crm,0
02119,11,5868.0,4.1,fashion,138,search,0
02120,13,2982.0,7.3,fashion,45,search,0
02121,11,3612.0,3.1,fashion,35,search,1
02123,8,2248.5,9.0,both,62,search,1
02125,4,765.0,6.2,beauty,9,social,1
02126,0,2709.0,3.5,beauty,2,social,1
02128,8,3570.0,2.0,both,32,search,0
02129,11,5607.0,7.8,beauty,85,influencer,1
02131,1,2244.0,8.6,both,0,influencer,1
02132,10,5863.5,4.9,fashion,167,social,1
02133,9,604.5,2.6,beauty,32,search,0
02134,9,1186.5,7.1,both,214,social,1
02137,0,3318.0,4.5,both,52,search,1
02138,11,2487.0,8.6,beauty,5,influencer,0
02139,3,3009.0,8.0,fashion,1,crm,1
02141,10,3324.0,3.9,fashion,0,influencer,0
02142,12,3252.0,1.6,beauty,0,search,1
02143,1,4263.0,7.9,both,19,social,1
02144,9,2233.5,7.0,beauty,4,social,0
02145,10,2208.0,3.7,beauty,73,search,1
02146,8,2278.5,3.3,both,34,search,1
02149,8,1212.0,6.7,both,4,social,0
02150,0,2959.5,6.4,beauty,8,influencer,1
02151,13,2617.5,7.4,fashion,32,social,0
02152,6,1947.0,4.8,beauty,11,social,0
02154,5,3129.0,3.4,beauty,38,influencer,0
02155,5,3097.5,3.6,beauty,101,search,0
02156,1,1545.0,9.0,both,169,influencer,0
02157,14,2865.0,4.9,beauty,71,influencer,1
02158,0,3633.0,3.7,beauty,3,social,1
02159,9,2403.0,5.2,both,4,social,1
02160,7,4876.5,0.7,fashion,136,social,1
02162,1,4329.0,5.6,beauty,92,social,1
02163,3,2595.0,5.2,beauty,3,social,0
02164,12,1107.0,4.7,fashion,255,search,1
02165,12,4284.0,4.5,fashion,264,social,0
02166,3,1944.0,4.1,fashion,19,social,1
02167,14,3844.5,7.7,beauty,4,social,1
02169,10,3540.0,2.5,beauty,5,crm,1
02170,8,1698.0,8.1,both,80,social,1
02171,11,2322.0,4.4,beauty,46,social,1
02173,3,2754.0,7.6,beauty,17,influencer,0
02174,3,4867.5,4.0,beauty,37,social,1
02175,14,2359.5,0.0,beauty,62,social,0
02176,14,1036.5,2.5,beauty,2,crm,0
02178,4,2274.0,9.7,both,47,search,0
02180,11,2140.5,5.9,fashion,82,search,0
02181,11,1906.5,1.9,fashion,26,influencer,1
02182,7,6402.0,4.2,beauty,65,social,1
02183,3,1662.0,4.6,fashion,22,search,0
02184,2,453.0,4.8,fashion,59,influencer,0
02185,10,3583.5,7.3,both,7,social,1
02186,0,2253.0,3.5,fashion,278,social,1
02188,3,4711.5,1.3,fashion,97,crm,0
02189,8,3067.5,0.3,fashion,20,influencer,0
02191,13,1516.5,1.9,fashion,42,social,1
02193,5,1348.5,1.6,both,44,social,0
02194,5,1107.0,7.5,fashion,21,influencer,0
02195,9,771.0,4.1,both,67,search,1
02196,2,2898.0,1.1,both,0,social,1
02197,9,2158.5,2.6,both,36,influencer,1
02198,8,2377.5,5.2,beauty,18,social,0
02200,9,3394.5,1.1,beauty,51,crm,0
02202,0,1437.0,7.6,beauty,11,crm,1
02203,1,2278.5,4.0,both,52,social,1
02204,14,1650.0,7.4,beauty,96,influencer,1
02205,14,4678.5,0.7,fashion,75,social,0
02206,3,615.0,7.3,fashion,60,social,0
02207,3,1600.5,5.3,beauty,4,influencer,1
02209,9,2968.5,5.0,beauty,41,search,1
02210,5,1593.0,6.7,beauty,216,social,1
02211,14,3403.5,4.7,beauty,48,social,0
02214,0,3708.0,0.7,fashion,71,influencer,1
02215,9,2025.0,5.8,fashion,25,social,0
02216,8,1252.5,8.5,beauty,44,search,0
02217,3,3748.5,6.7,fashion,175,social,1
02219,4,1200.0,7.8,beauty,38,search,1
02220,6,1756.5,2.6,beauty,199,search,0
02221,2,1357.5,8.5,fashion,108,social,0
02222,14,3357.0,4.4,beauty,0,influencer,1
02223,2,2568.0,4.7,fashion,36,social,0
02224,7,3441.0,6.9,beauty,0,social,1
02225,0,1386.0,2.3,beauty,4,search,1
02227,7,2928.0,2.6,beauty,291,influencer,0
02228,2,1860.0,6.0,beauty,34,social,1
02229,0,5809.5,8.6,beauty,299,search,0
02230,8,1555.5,7.6,beauty,74,social,0
02231,3,2169.0,4.9,beauty,19,influencer,0
02232,6,3670.5,5.0,beauty,234,social,1
02234,2,3975.0,7.9,both,99,influencer,1
02235,4,5364.0,2.3,fashion,139,influencer,1
02236,9,2119.5,4.3,beauty,76,social,1
02238,12,2905.5,0.1,fashion,54,search,1
02239,2,931.5,4.2,beauty,199,social,1
02240,4,2079.0,2.5,both,97,influencer,1
02241,10,2926.5,3.4,beauty,54,social,1
02242,1,2062.5,1.9,fashion,18,social,1
02246,2,3133.5,5.5,both,139,influencer,0
02247,14,2478.0,0.2,beauty,77,social,0
02248,4,4419.0,2.1,beauty,37,influencer,0
02249,8,3526.5,2.0,fashion,17,influencer,0
02250,2,2238.0,1.1,both,45,social,1
02251,9,1134.0,6.1,beauty,5,influencer,0
02253,3,2130.0,7.4,fashion,10,social,0
02254,3,1597.5,1.6,beauty,13,social,1
02257,14,3514.5,8.9,fashion,9,influencer,0
02258,14,828.0,0.6,fashion,34,social,0
02259,9,1129.5,2.9,fashion,185,search,0
02260,9,459.0,5.4,beauty,41,crm,1
02261,12,1075.5,7.1,fashion,33,search,0
02262,4,5230.5,2.8,beauty,181,search,1
02263,14,687.0,3.2,fashion,24,search,0
02264,10,2916.0,5.6,fashion,26,influencer,1
02265,6,1143.0,2.5,both,255,influencer,0
02266,10,2922.0,4.9,both,218,social,0
02271,12,3990.0,6.5,fashion,32,influencer,0
02273,8,2856.0,5.7,fashion,32,influencer,1
02276,2,2469.0,7.9,beauty,1,social,0
02278,11,1624.5,2.2,both,120,crm,1
02279,0,1822.5,3.9,fashion,0,search,1
02282,13,1594.5,2.1,fashion,5,crm,1
02283,13,3270.0,1.2,fashion,2,influencer,1
02284,4,1317.0,5.4,fashion,11,social,0
02285,8,4912.5,3.6,fashion,89,social,1
02286,7,5386.5,2.7,both,3,social,1
02287,0,5710.5,4.2,fashion,86,influencer,1
02288,13,1917.0,3.8,fashion,73,influencer,0
02290,11,4770.0,2.2,both,87,social,0
02291,2,3804.0,1.0,fashion,87,social,1
02292,13,3088.5,4.3,fashion,66,influencer,0
02293,13,5398.5,0.3,beauty,245,search,1
02294,2,2536.5,2.0,fashion,43,influencer,1
02295,10,1698.0,9.3,fashion,43,social,1
02296,5,604.5,5.2,fashion,35,social,1
02297,3,604.5,4.4,both,108,social,0
02298,3,507.0,1.3,both,37,search,0
02299,0,3445.5,3.0,fashion,44,crm,0
02301,9,1987.5,0.8,beauty,11,search,1
02302,12,2589.0,3.3,fashion,258,social,0
02304,10,2862.0,7.2,fashion,20,crm,1
02307,14,1305.0,6.4,fashion,82,social,0
02309,12,1114.5,1.2,both,47,search,1
02311,12,1788.0,4.1,beauty,204,crm,1
02312,9,3370.5,2.0,fashion,178,social,0
02314,13,2416.5,3.7,both,42,social,1
02315,2,1020.0,2.2,both,288,social,0
02316,4,1239.0,5.1,fashion,101,crm,0
02317,3,3829.5,5.3,beauty,70,search,0
02319,13,6112.5,2.5,fashion,57,search,1
02321,11,3382.5,6.7,fashion,4,social,1
02322,14,2491.5,4.1,fashion,77,influencer,1
02323,13,2164.5,8.5,fashion,56,social,1
02325,1,1471.5,3.9,fashion,56,social,1
02326,0,2935.5,6.6,fashion,203,social,1
02327,0,1713.0,2.7,fashion,39,social,0
02330,4,781.5,6.3,fashion,32,influencer,0
02331,13,1669.5,5.2,fashion,11,crm,1
02333,9,5073.0,8.9,beauty,37,influencer,0
02335,8,1146.0,4.3,beauty,100,influencer,0
02336,2,3681.0,1.3,both,32,social,0
02337,2,3538.5,4.5,fashion,296,social,0
02338,11,1149.0,9.0,fashion,14,influencer,1
02340,7,1176.0,6.6,fashion,27,search,0
02341,6,1750.5,9.3,both,83,influencer,0
02342,1,504.0,4.0,fashion,71,social,1
02344,6,3649.5,4.2,fashion,132,social,0
02345,0,3376.5,6.3,fashion,30,influencer,0
02346,0,3388.5,6.3,beauty,4,social,1
02348,5,1440.0,5.2,fashion,2,social,1
02349,1,3886.5,4.7,fashion,54,search,1
02350,9,699.0,6.2,both,171,search,0
02351,9,5988.0,1.4,fashion,105,social,1
02352,14,3604.5,3.2,beauty,57,social,0
02353,0,2626.5,0.0,fashion,70,search,0
02354,2,2148.0,7.7,fashion,158,social,1
02355,11,1483.5,5.8,beauty,58,social,1
02357,12,4816.5,8.8,beauty,10,social,1
02358,4,930.0,3.5,beauty,31,influencer,0
02359,10,5538.0,3.7,fashion,81,search,1
02360,9,1023.0,5.2,beauty,34,social,1
02361,2,621.0,0.4,both,81,social,0
02362,14,1987.5,8.5,beauty,11,social,1
02363,14,3814.5,7.6,fashion,227,social,0
02366,4,547.5,5.4,beauty,217,social,0
02367,11,2832.0,5.9,fashion,16,search,1
02369,10,1474.5,4.4,beauty,152,influencer,1
02371,4,732.0,1.0,fashion,259,social,1
02372,3,1633.5,7.2,beauty,46,influencer,0
02373,9,3184.5,3.8,fashion,54,influencer,0
02375,12,4008.0,1.5,beauty,189,search,1
02376,8,996.0,5.7,fashion,20,influencer,0
02377,7,1341.0,1.1,beauty,79,social,0
02379,8,952.5,1.9,beauty,40,social,1
02381,13,3790.5,4.8,fashion,40,social,1
02382,8,4533.0,6.6,beauty,66,influencer,1
02383,0,4470.0,7.5,beauty,267,search,1
02384,11,1275.0,2.7,fashion,213,social,1
02385,5,2200.5,1.2,fashion,78,social,0
02387,4,4990.5,3.6,both,1,social,1
02390,2,5115.0,2.5,beauty,8,search,1
02391,13,1095.0,0.9,fashion,0,search,1
02392,2,2652.0,2.1,fashion,67,social,1
02393,9,5062.5,3.2,fashion,32,social,0
02394,4,1006.5,8.1,fashion,174,social,0
02396,3,5704.5,5.1,both,8,social,0
02398,4,1471.5,4.4,fashion,32,social,0
02399,1,1354.5,5.8,both,125,social,0
02400,12,2751.0,1.4,fashion,24,search,1
02403,0,1959.0,1.0,both,265,social,1
02405,4,558.0,4.0,both,217,search,0
02406,8,2247.0,1.8,both,78,search,1
02407,11,463.5,5.9,fashion,78,social,0
02408,6,2806.5,1.1,fashion,279,social,1
02409,0,3492.0,3.4,beauty,56,influencer,1
02413,10,1756.5,8.3,fashion,13,social,1
02414,6,4840.5,1.7,fashion,4,influencer,1
02415,2,3024.0,7.9,fashion,10,search,1
02416,13,678.0,4.7,fashion,2,search,0
02417,8,3502.5,0.7,beauty,29,search,1
02418,10,2497.5,6.4,beauty,71,search,1
02419,13,2887.5,3.5,beauty,41,social,1
02420,13,3459.0,6.1,fashion,147,influencer,1
02423,0,1621.5,6.4,both,15,search,0
02424,9,4479.0,5.7,fashion,88,social,0
02426,11,2661.0,6.4,fashion,45,search,1
02428,6,889.5,3.3,both,32,social,1
02429,9,1090.5,4.9,fashion,78,search,0
02430,12,520.5,6.5,fashion,33,social,1
02431,10,2827.5,7.5,fashion,81,search,0
02432,0,3226.5,2.9,beauty,24,crm,1
02433,3,4318.5,6.0,fashion,40,social,0
02434,9,2743.5,5.6,fashion,3,influencer,0
02436,2,2632.5,4.9,fashion,7,social,1
02437,10,2779.5,1.0,both,66,social,1
02438,6,1324.5,7.8,beauty,4,social,1
02439,4,4575.0,0.7,both,84,crm,0
02441,10,477.0,4.0,beauty,11,social,1
02442,2,2109.0,4.4,both,96,social,0
02443,10,5818.5,4.8,beauty,7,social,1
02444,5,1779.0,3.4,fashion,6,social,1
02446,1,2890.5,3.9,fashion,164,social,1
02447,2,2836.5,3.5,fashion,11,social,0
02448,3,4521.0,7.1,fashion,5,social,0
02449,5,5263.5,1.7,beauty,63,search,1
02450,10,1990.5,5.2,fashion,44,influencer,0
02451,0,2139.0,3.6,both,86,search,1
02452,14,1113.0,7.9,beauty,39,search,0
02453,14,1942.5,1.6,fashion,55,social,0
02454,5,4045.5,4.4,both,298,social,0
02456,7,1842.0,1.3,fashion,54,search,0
02458,7,1603.5,0.3,both,95,search,0
02460,12,2898.0,7.5,fashion,73,search,1
02464,9,1135.5,0.5,fashion,261,social,0
02465,1,1408.5,5.4,beauty,33,search,1
02467,14,3309.0,2.5,beauty,40,social,1
02468,4,6003.0,1.4,fashion,28,social,1
02469,5,2511.0,1.1,both,78,social,1
02470,8,1933.5,3.5,beauty,50,social,0
02471,11,5113.5,2.7,both,15,social,1
02473,6,1536.0,8.1,fashion,79,search,0
02474,4,2938.5,6.3,fashion,48,social,1
02476,6,1455.0,2.4,both,30,search,0
02477,7,3859.5,4.5,both,47,search,1
02479,11,1212.0,7.0,fashion,35,social,0
02480,0,1483.5,4.8,beauty,84,social,1
02481,9,4047.0,1.2,beauty,57,social,0
02482,10,2607.0,4.2,beauty,1,social,1
02483,10,1458.0,6.8,fashion,5,crm,1
02485,3,1513.5,7.2,beauty,236,social,1
02486,4,5527.5,3.5,fashion,1,social,0
02487,12,2577.0,0.6,beauty,88,influencer,0
02488,1,1576.5,5.8,fashion,59,search,1
02490,4,5928.0,8.0,fashion,87,search,0
02492,0,2514.0,6.0,fashion,98,social,1
02493,2,1807.5,0.1,beauty,28,influencer,1
02495,8,3621.0,0.9,both,21,influencer,1
02496,1,5553.0,7.5,both,223,crm,1
02499,11,4408.5,3.5,fashion,21,influencer,1
02500,9,2016.0,5.0,beauty,28,social,1
02501,3,2380.5,4.2,both,4,social,1
02502,4,3058.5,1.3,both,22,influencer,0
02505,11,4267.5,5.1,both,59,influencer,0
02506,9,1155.0,7.7,fashion,214,search,1
02507,3,5139.0,0.6,beauty,227,social,1
02510,7,1723.5,6.8,fashion,123,search,1
02512,14,852.0,3.9,fashion,60,crm,0
02513,13,1447.5,8.4,beauty,13,social,1
02514,13,5113.5,4.7,fashion,8,social,1
02515,14,783.0,6.4,beauty,13,social,0
02518,5,4953.0,5.1,beauty,86,influencer,1
02519,11,2370.0,5.7,fashion,52,social,1
02520,0,2280.0,7.8,fashion,24,social,1
02521,11,1633.5,0.3,beauty,79,social,0
02522,8,1854.0,6.7,beauty,38,social,1
02523,6,2155.5,4.9,both,223,social,0
02524,7,4983.0,5.2,fashion,15,influencer,1
02525,6,756.0,3.5,fashion,2,search,0
02528,6,1381.5,6.9,fashion,18,search,1
02529,6,2136.0,6.6,fashion,77,social,1
02530,1,2377.5,4.6,fashion,168,influencer,1
02531,1,1351.5,5.5,beauty,149,search,1
02534,1,2869.5,0.7,both,12,social,1
02536,0,1662.0,1.9,beauty,78,search,0
02537,8,4530.0,6.8,both,48,social,0
02538,10,2782.5,6.6,fashion,10,social,1
02539,7,652.5,0.4,beauty,23,influencer,1
02540,1,1690.5,8.9,beauty,135,social,1
02541,1,4258.5,1.5,fashion,9,social,0
02543,3,3844.5,1.8,both,33,social,0
02544,8,1269.0,6.9,fashion,1,search,0
02545,11,1774.5,4.7,fashion,15,social,1
02547,2,2380.5,3.3,fashion,3,influencer,1
02548,13,643.5,4.8,both,37,influencer,0
02549,14,1707.0,0.9,fashion,34,search,0
02550,7,1458.0,6.5,fashion,219,search,1
02551,5,3178.5,4.1,fashion,119,influencer,0
02552,7,2997.0,6.4,beauty,64,social,0
02553,9,1045.5,1.8,both,96,social,0
02554,11,3576.0,4.9,fashion,33,crm,0
02556,14,1503.0,0.7,both,61,social,1
02557,7,3256.5,2.1,fashion,24,search,0
02558,10,2835.0,4.4,fashion,11,social,1
02559,4,1110.0,4.5,fashion,3,social,1
02560,9,5892.0,4.9,both,17,search,1
02561,13,5818.5,4.4,fashion,24,social,1
02562,14,4488.0,3.4,both,50,influencer,0
02563,13,3576.0,4.6,fashion,3,search,0
02565,3,1366.5,2.1,fashion,30,social,0
02566,2,3310.5,3.3,both,19,influencer,1
02567,11,2998.5,6.7,fashion,1,crm,1
02568,8,3756.0,7.4,beauty,274,social,1
02570,6,1197.0,7.1,fashion,6,social,1
02571,6,2953.5,4.2,beauty,30,search,1
02572,5,3879.0,1.0,beauty,8,influencer,1
02573,8,5196.0,0.9,both,220,influencer,1
02575,13,4845.0,6.8,both,2,social,0
02577,6,2242.5,4.8,beauty,164,influencer,0
02578,8,3826.5,3.5,both,93,social,1
02579,14,2187.0,4.8,fashion,51,social,1
02580,5,1378.5,7.6,both,19,social,0
02581,9,2470.5,4.4,fashion,42,search,1
02582,1,3567.0,0.9,both,66,social,0
02585,8,697.5,6.5,both,166,influencer,1
02586,9,3051.0,1.5,both,94,search,0
02587,14,4252.5,1.1,fashion,41,search,1
02589,8,6013.5,5.3,beauty,204,social,1
02590,0,2524.5,6.0,fashion,72,social,0
02592,2,1750.5,3.1,fashion,23,crm,1
02593,13,667.5,0.8,beauty,90,influencer,0
02595,2,4191.0,1.8,both,5,influencer,0
02597,13,4000.5,3.4,beauty,25,social,0
02598,9,2772.0,2.6,both,222,social,1
02602,8,2128.5,3.0,beauty,16,social,1
02603,13,1132.5,5.0,both,21,influencer,1
02605,10,2557.5,9.1,both,5,social,1
02606,1,759.0,2.1,beauty,56,social,1
02607,0,1593.0,1.4,fashion,55,crm,1
02608,8,1414.5,4.5,beauty,38,search,0
02609,6,3369.0,3.3,fashion,1,search,0
02610,13,1951.5,3.1,both,46,influencer,0
02611,12,4494.0,9.1,fashion,47,social,1
02612,0,5943.0,4.7,beauty,2,social,1
02615,9,2112.0,7.4,fashion,76,social,1
02617,5,1734.0,3.4,beauty,27,social,0
02618,4,3586.5,6.0,both,196,social,1
02619,9,5758.5,4.8,fashion,195,social,0
02620,13,2256.0,0.5,both,37,social,1
02622,10,3900.0,8.2,both,40,social,1
02623,4,1506.0,4.6,both,82,search,1
02624,3,1548.0,1.3,fashion,270,search,0
02626,13,5719.5,6.8,beauty,57,influencer,0
02627,12,5932.5,8.2,fashion,29,social,1
02628,7,3555.0,0.8,both,203,social,0
02629,6,2926.5,4.1,both,22,social,1
02630,4,574.5,2.6,fashion,90,search,0
02631,11,2173.5,4.2,beauty,29,social,1
02632,8,3640.5,5.3,both,79,influencer,1
02633,11,2503.5,0.2,both,4,search,1
02634,6,1656.0,3.2,beauty,43,social,1
02635,9,5493.0,5.3,fashion,198,search,0
02636,1,2701.5,7.6,beauty,65,crm,0
02637,14,4236.0,4.9,fashion,3,social,0
02638,6,1285.5,3.9,fashion,40,social,0
02640,3,1089.0,8.6,beauty,2,influencer,0
02641,11,2320.5,4.2,beauty,0,social,0
02642,11,718.5,4.8,fashion,284,social,1
02643,7,5623.5,4.5,beauty,9,social,1
02644,3,6813.0,6.4,beauty,3,influencer,1
02646,3,2311.5,2.0,fashion,3,crm,1
02647,12,4327.5,4.5,fashion,23,influencer,1
02648,7,4506.0,4.6,both,0,social,1
02649,13,3586.5,4.9,fashion,41,search,1
02650,13,576.0,3.8,beauty,1,search,1
02652,1,4033.5,5.5,beauty,274,influencer,1
02653,9,2320.5,4.7,both,25,social,1
02654,5,1290.0,8.7,both,32,search,0
02655,6,3760.5,3.3,both,103,social,0
02659,7,709.5,7.9,both,246,social,1
02660,11,2550.0,7.7,fashion,14,social,0
02661,5,3544.5,9.2,both,296,influencer,0
02662,14,1540.5,4.2,fashion,81,influencer,0
02664,2,4165.5,4.3,fashion,2,crm,1
02666,1,2862.0,0.3,both,65,influencer,1
02667,14,3406.5,1.7,fashion,265,search,0
02668,6,4146.0,5.6,fashion,27,social,1
02669,5,2160.0,6.9,fashion,44,social,1
02670,0,4089.0,1.2,fashion,154,social,0
02671,1,396.0,9.5,fashion,67,search,0
02672,1,1570.5,6.6,fashion,5,social,1
02674,2,1530.0,9.2,fashion,21,search,0
02675,4,6349.5,4.9,beauty,33,social,1
02676,3,4008.0,4.4,fashion,9,social,0
02677,11,2019.0,3.9,fashion,20,social,0
02679,7,1735.5,7.0,fashion,66,social,1
02680,8,3297.0,2.7,fashion,125,social,0
02681,7,442.5,4.1,fashion,59,social,0
02682,6,1891.5,4.2,fashion,47,influencer,1
02683,9,1324.5,2.9,both,142,influencer,0
02684,1,4164.0,4.8,both,13,social,0
02686,14,1281.0,3.6,beauty,8,influencer,1
02687,5,3189.0,3.4,fashion,65,social,0
02688,10,1843.5,1.8,beauty,83,social,0
02689,3,3160.5,4.5,beauty,49,influencer,0
02690,4,859.5,4.8,beauty,198,social,0
02691,8,3940.5,3.8,fashion,0,social,0
02693,8,3855.0,3.5,both,56,crm,1
02694,3,2361.0,5.7,beauty,56,social,1
02695,7,5286.0,3.1,fashion,2,search,0
02696,10,1203.0,4.9,beauty,89,social,0
02697,4,1819.5,6.2,fashion,23,influencer,1
02699,1,2523.0,9.0,both,85,social,0
02700,14,2127.0,2.1,both,193,social,0
02702,2,3267.0,1.2,both,85,social,0
02704,13,3001.5,2.4,both,13,influencer,0
02705,1,2605.5,5.2,beauty,24,crm,0
02706,2,2742.0,7.0,both,264,social,0
02708,7,4125.0,9.2,both,55,social,1
02709,1,706.5,6.1,fashion,15,search,1
02710,5,5896.5,3.0,beauty,31,social,0
02712,2,6859.5,5.1,beauty,230,social,0
02713,11,3459.0,2.8,both,0,social,1
02714,12,4833.0,5.4,both,89,social,0
02715,5,4039.5,0.0,both,48,crm,1
02716,13,1482.0,7.9,fashion,217,search,0
02717,14,3265.5,5.2,beauty,29,social,1
02719,9,1821.0,6.7,fashion,15,influencer,1
02720,3,3204.0,4.2,fashion,7,social,1
02721,11,468.0,4.2,beauty,288,search,1
02723,10,4675.5,4.1,beauty,10,social,0
02724,9,2260.5,2.1,beauty,18,social,0
02725,6,1500.0,4.2,beauty,19,influencer,0
02726,3,2410.5,6.2,fashion,60,search,1
02728,3,2919.0,4.7,beauty,50,social,0
02729,1,1585.5,5.7,beauty,6,social,1
02730,3,1603.5,3.6,fashion,0,crm,1
02731,14,2215.5,9.0,both,209,social,1
02733,11,1561.5,2.7,fashion,271,influencer,1
02734,4,589.5,3.5,fashion,17,search,0
02736,1,4659.0,6.0,fashion,15,social,0
02738,7,3589.5,3.8,fashion,88,search,1
02739,7,2386.5,4.5,fashion,10,search,0
02741,7,921.0,6.7,beauty,162,influencer,1
02743,13,579.0,9.2,fashion,230,crm,1
02744,3,1146.0,7.8,fashion,52,social,0
02746,6,1701.0,5.9,fashion,5,search,1
02747,4,5842.5,5.7,fashion,177,influencer,1
02748,10,1114.5,3.5,fashion,6,social,1
02749,9,2455.5,8.0,beauty,60,search,0
02750,0,2709.0,3.2,beauty,26,search,1
02751,7,3151.5,5.4,fashion,203,social,1
02752,3,1881.0,2.7,beauty,284,influencer,0
02755,11,2997.0,8.7,beauty,41,social,1
02757,3,5322.0,7.8,fashion,177,crm,0
02758,14,2815.5,4.7,fashion,2,influencer,1
02760,4,2916.0,0.6,beauty,120,social,0
02761,9,763.5,2.1,beauty,247,influencer,0
02762,9,4474.5,0.6,beauty,7,crm,1
02763,13,2016.0,9.9,fashion,119,social,0
02764,7,1401.0,5.2,beauty,31,influencer,0
02769,4,4963.5,6.6,beauty,39,influencer,1
02770,10,1155.0,1.1,fashion,21,social,0
02774,3,6085.5,2.2,both,66,social,1
02775,3,2943.0,4.9,fashion,13,social,0
02777,3,2904.0,2.4,beauty,14,search,1
02778,10,928.5,4.0,beauty,72,influencer,0
02779,7,4387.5,1.2,both,15,social,0
02780,0,6564.0,4.9,beauty,5,influencer,1
02782,4,423.0,4.9,both,163,social,0
02783,11,2038.5,4.6,fashion,30,search,1
02784,9,1855.5,7.1,beauty,12,influencer,1
02785,1,2344.5,3.6,beauty,167,social,0
02787,3,4017.0,2.9,both,144,social,0
02788,4,1620.0,5.5,both,8,social,1
02790,1,4216.5,4.1,both,68,influencer,1
02792,1,1149.0,4.7,beauty,31,crm,1
02793,13,5286.0,4.4,fashion,65,influencer,0
02794,7,2455.5,6.3,beauty,48,influencer,0
02796,13,645.0,5.2,beauty,41,influencer,1
02797,2,522.0,1.7,fashion,0,search,1
02798,4,1905.0,0.3,both,3,influencer,1
02799,1,3493.5,6.0,fashion,55,influencer,1
02801,9,4131.0,8.7,beauty,15,social,0
02802,5,2931.0,0.2,beauty,10,social,1
02804,14,1027.5,4.3,fashion,12,search,1
02805,3,2446.5,0.4,beauty,71,social,0
02807,1,546.0,2.6,both,219,social,0
02808,13,2287.5,2.3,beauty,222,social,1
02809,9,3121.5,8.4,fashion,81,social,1
02810,3,5112.0,1.0,beauty,72,search,0
02811,12,5461.5,5.3,beauty,3,social,0
02812,12,3835.5,7.1,beauty,133,search,0
02813,10,4350.0,8.0,fashion,3,influencer,1
02814,6,1794.0,3.5,fashion,1,social,0
02815,4,6018.0,3.8,fashion,13,social,1
02816,9,1105.5,1.3,both,50,social,0
02817,3,1434.0,8.6,beauty,3,search,0
02818,14,1947.0,6.9,fashion,83,social,0
02820,9,5962.5,3.0,both,169,search,0
02821,2,5467.5,6.2,beauty,4,search,1
02822,12,3658.5,5.4,both,67,social,0
02823,12,1686.0,4.7,both,26,social,0
02825,5,4099.5,8.4,both,48,crm,1
02826,1,3636.0,4.3,fashion,6,influencer,1
02827,3,1555.5,4.7,fashion,70,influencer,1
02828,11,2055.0,6.9,fashion,235,crm,0
02829,7,4969.5,1.7,fashion,4,social,0
02830,1,1401.0,2.0,both,114,social,0
02831,8,5683.5,3.6,fashion,37,search,1
02832,1,1795.5,5.1,both,289,influencer,0
02833,7,3846.0,7.5,fashion,3,social,1
02834,7,1348.5,3.6,beauty,4,social,0
02835,6,4402.5,1.0,fashion,134,social,1
02836,13,2025.0,4.7,fashion,266,search,0
02837,14,2094.0,6.2,fashion,3,influencer,1
02839,9,2977.5,7.1,both,73,social,1
02840,5,2661.0,3.5,fashion,16,crm,0
02841,0,1894.5,3.0,both,56,search,1
02843,6,1417.5,6.2,fashion,26,crm,0
02844,12,2739.0,7.3,fashion,200,search,1
02845,10,859.5,7.9,fashion,96,influencer,0
02846,3,4401.0,4.0,fashion,7,social,0
02847,8,1002.0,7.1,both,37,social,0
02848,2,1042.5,6.1,beauty,21,search,0
02850,2,3345.0,5.6,beauty,5,social,1
02851,6,796.5,5.8,both,128,social,0
02852,1,3547.5,3.4,fashion,87,crm,0
02854,11,895.5,3.8,both,159,crm,0
02855,11,2469.0,1.6,fashion,2,influencer,1
02856,1,1705.5,1.4,both,13,social,1
02857,1,3115.5,1.3,fashion,247,social,0
02858,13,2793.0,4.8,fashion,55,influencer,0
02859,11,4327.5,1.7,both,7,crm,1
02860,3,471.0,3.0,both,81,influencer,1
02861,7,3195.0,2.9,beauty,166,social,0
02864,7,1002.0,1.3,fashion,47,crm,1
02865,6,4509.0,4.2,fashion,45,influencer,0
02867,11,2574.0,7.2,fashion,12,social,1
02868,6,2044.5,0.5,fashion,10,social,0
02869,12,2895.0,7.1,both,68,influencer,0
02870,14,1555.5,2.6,both,80,social,1
02872,4,616.5,7.7,fashion,53,influencer,0
02873,7,1711.5,8.4,fashion,69,social,1
02874,1,3963.0,7.2,fashion,0,search,0
02878,9,1377.0,4.9,beauty,127,social,0
02879,0,4327.5,4.4,fashion,64,social,1
02880,10,2187.0,5.6,fashion,40,search,0
02881,8,4191.0,1.2,fashion,77,search,1
02882,2,744.0,1.7,fashion,10,social,1
02883,0,985.5,2.0,beauty,9,crm,1
02885,14,3526.5,2.8,fashion,219,search,0
02886,2,4365.0,5.8,both,68,social,0
02888,10,6259.5,1.1,fashion,2,influencer,1
02889,1,2446.5,1.9,fashion,78,social,0
02890,14,2860.5,6.5,both,154,influencer,0
02892,11,1341.0,3.4,beauty,85,search,0
02893,1,3550.5,9.4,fashion,207,social,1
02894,10,4857.0,4.2,fashion,2,influencer,1
02895,3,1363.5,2.0,both,119,social,1
02896,11,4212.0,4.8,fashion,78,social,1
02897,0,2154.0,8.0,beauty,80,social,0
02898,12,2154.0,3.0,both,139,social,1
02900,4,5647.5,2.7,fashion,39,social,0
02901,2,1053.0,0.4,both,97,social,0
02902,8,555.0,7.7,both,51,social,0
02903,3,1897.5,3.1,both,169,social,0
02904,5,1020.0,6.7,beauty,61,search,1
02906,1,1507.5,2.7,beauty,100,social,0
02907,6,4176.0,2.0,both,3,search,1
02908,2,1680.0,1.3,fashion,13,search,0
02909,0,2416.5,3.8,fashion,18,social,1
02910,8,3243.0,2.5,both,66,search,1
02912,11,4587.0,0.2,both,69,influencer,0
02913,10,5322.0,5.5,fashion,3,social,1
02914,3,3370.5,9.4,both,50,search,0
02917,3,6526.5,5.7,beauty,30,crm,1
02920,12,1141.5,2.1,fashion,51,social,1
02921,4,3340.5,3.1,both,48,crm,0
02922,7,2184.0,7.8,beauty,3,social,0
02923,9,3466.5,6.9,beauty,29,social,0
02924,9,1944.0,8.3,fashion,258,social,0
02925,5,3604.5,3.9,beauty,159,influencer,1
02926,11,2101.5,4.6,beauty,33,social,1
02928,11,1207.5,4.5,beauty,1,social,1
02929,10,1845.0,6.4,fashion,116,search,0
02931,3,1101.0,3.1,fashion,0,social,1
02932,10,1221.0,1.1,both,8,crm,0
02933,14,3580.5,2.2,fashion,191,social,0
02934,5,3279.0,5.6,fashion,11,search,1
02935,12,1783.5,5.0,beauty,66,search,0
02936,10,1221.0,4.9,fashion,0,influencer,0
02937,2,1396.5,4.6,beauty,45,crm,1
02938,1,4252.5,3.0,both,290,search,0
02939,0,1138.5,1.5,both,25,social,1
02940,8,1932.0,1.9,fashion,68,influencer,0
02941,0,720.0,6.2,both,14,influencer,1
02942,10,991.5,5.2,beauty,47,social,0
02944,5,433.5,8.0,beauty,19,search,1
02945,8,936.0,8.0,fashion,8,search,0
02947,6,621.0,2.1,fashion,8,search,0
02948,6,2359.5,9.3,both,46,crm,0
02949,12,2734.5,6.5,beauty,230,influencer,0
02950,13,5361.0,3.0,fashion,109,social,0
02952,8,4690.5,5.8,beauty,192,search,1
02953,10,1828.5,3.4,beauty,20,social,1
02954,9,750.0,8.3,fashion,34,social,0
02955,6,5295.0,2.9,both,43,influencer,1
02957,5,2437.5,2.1,fashion,177,influencer,1
02958,6,3894.0,7.3,fashion,52,social,0
02960,6,1438.5,1.6,beauty,30,influencer,1
02961,12,1209.0,3.9,beauty,11,social,0
02962,5,2305.5,5.0,beauty,0,social,0
02964,5,477.0,4.6,both,46,crm,1
02966,14,526.5,5.5,beauty,10,social,0
02967,9,1806.0,5.1,fashion,65,influencer,0
02968,12,4227.0,7.4,fashion,42,social,1
02969,0,3651.0,4.1,beauty,3,social,1
02970,7,774.0,4.7,fashion,5,social,1
02971,2,1920.0,8.3,beauty,8,social,1
02972,13,2959.5,5.1,beauty,11,search,0
02974,2,1315.5,1.0,both,12,search,0
02975,1,4777.5,4.6,beauty,72,social,0
02976,11,3568.5,7.9,both,3,influencer,1
02977,7,784.5,4.5,beauty,31,crm,1
02978,2,2389.5,0.6,both,72,influencer,1
02980,7,499.5,4.6,both,242,influencer,1
02981,1,3058.5,2.6,beauty,195,influencer,0
02982,3,909.0,7.0,beauty,261,social,0
02984,14,1339.5,1.9,fashion,94,influencer,0
02985,0,1999.5,4.2,both,26,social,0
02986,1,2950.5,4.8,beauty,69,social,1
02987,14,1480.5,5.0,fashion,5,influencer,1
02988,1,3748.5,6.6,beauty,9,social,0
02989,8,1975.5,4.7,beauty,64,influencer,0
02992,4,2340.0,5.2,fashion,92,influencer,1
02993,10,5941.5,0.8,fashion,0,social,1
02995,3,2664.0,0.4,fashion,140,social,0
02996,9,5101.5,6.3,both,40,influencer,0
02997,9,945.0,3.9,fashion,51,search,1
02998,14,3388.5,6.3,beauty,77,social,0
02999,3,6319.5,0.7,both,201,search,1
03000,6,424.5,8.6,both,60,social,0
03001,2,1963.5,8.7,both,13,search,0
03002,8,3171.0,3.4,both,0,social,1
03003,4,3342.0,4.3,fashion,2,search,1
03004,10,1623.0,3.8,both,81,crm,0
03005,8,4219.5,1.2,fashion,31,crm,0
03006,0,2388.0,3.8,beauty,13,social,1
03008,11,514.5,2.8,fashion,12,influencer,0
03009,13,4294.5,5.0,fashion,13,crm,0
03010,7,1042.5,0.4,fashion,132,influencer,0
03011,1,1102.5,4.1,beauty,55,influencer,1
03015,3,2394.0,4.7,fashion,9,crm,0
03017,12,6501.0,6.7,fashion,0,search,0
03018,1,1749.0,8.3,fashion,1,influencer,0
03019,12,2412.0,8.9,beauty,14,social,1
03020,5,3360.0,1.0,fashion,11,social,1
03021,2,2245.5,7.3,beauty,228,social,0
03022,10,4846.5,5.8,fashion,36,social,0
03023,13,942.0,2.4,fashion,31,social,1
03024,13,3433.5,4.5,both,22,social,0
03025,9,2475.0,4.9,fashion,79,influencer,1
03026,2,2157.0,3.6,fashion,34,social,1
03027,8,4489.5,1.3,both,38,crm,1
03028,4,448.5,1.9,fashion,30,influencer,1
03029,13,871.5,6.7,both,86,influencer,0
03030,6,810.0,3.7,beauty,1,social,0
03031,11,3519.0,8.5,fashion,46,social,0
03033,1,3213.0,1.6,beauty,107,social,0
03034,10,2011.5,7.3,beauty,103,social,0
03035,10,3112.5,3.0,both,104,social,0
03036,7,1627.5,2.0,fashion,18,influencer,1
03037,8,4840.5,2.5,fashion,72,social,1
03038,10,3550.5,3.8,fashion,6,search,1
03039,1,3549.0,0.8,both,297,social,0
03040,1,1935.0,6.0,fashion,117,social,1
03043,14,2737.5,4.6,fashion,45,social,1
03044,7,2794.5,6.5,both,19,search,0
03045,4,745.5,5.5,fashion,22,search,1
03046,4,4180.5,3.7,fashion,25,social,0
03048,11,2047.5,4.7,beauty,5,social,1
03049,3,1071.0,2.3,beauty,4,social,1
03050,11,3193.5,0.0,both,8,influencer,1
03051,8,838.5,6.5,beauty,62,social,1
03052,3,1587.0,6.2,both,24,social,1
03054,2,1449.0,3.4,beauty,8,search,0
03055,5,2310.0,1.4,fashion,32,social,1
03057,6,2362.5,0.0,fashion,20,crm,1
03058,10,4080.0,5.6,fashion,58,crm,1
03059,6,2112.0,6.9,fashion,304,search,1
03060,12,1807.5,5.6,fashion,73,social,0
03061,1,3018.0,5.5,fashion,35,social,0
03062,4,2047.5,2.3,both,35,social,0
03064,9,1750.5,3.8,beauty,72,influencer,1
03067,11,3775.5,0.6,beauty,11,influencer,0
03068,12,918.0,3.5,fashion,22,social,1
03070,2,2440.5,3.3,beauty,86,social,0
03071,12,5383.5,5.4,beauty,51,social,1
03072,0,4191.0,4.9,both,150,influencer,1
03073,9,1131.0,8.9,beauty,91,influencer,0
03074,4,652.5,5.8,beauty,101,influencer,0
03075,2,5031.0,3.8,fashion,5,search,0
03076,11,2997.0,5.1,beauty,68,search,0
03078,14,540.0,1.0,beauty,74,influencer,0
03079,3,3091.5,7.2,beauty,13,search,0
03080,5,3252.0,7.7,beauty,88,social,1
03081,9,3247.5,4.4,fashion,47,social,0
03082,6,2791.5,1.5,fashion,20,crm,1
03083,6,2421.0,7.0,fashion,97,social,1
03085,13,2037.0,4.7,fashion,7,social,1
03086,14,3210.0,2.7,fashion,2,search,1
03087,10,3132.0,0.3,beauty,6,influencer,1
03089,2,2035.5,8.6,fashion,16,social,1
03090,4,5359.5,8.0,fashion,294,crm,0
03091,11,2761.5,5.1,beauty,49,search,0
03092,9,4327.5,7.4,fashion,3,search,0
03093,5,1138.5,7.0,beauty,24,influencer,1
03094,13,6636.0,4.0,both,30,social,0
03095,11,2425.5,2.4,both,55,influencer,1
03096,5,1261.5,1.0,both,242,influencer,0
03097,11,720.0,3.2,beauty,81,social,0
03098,7,4410.0,0.4,fashion,13,social,1
03099,12,1494.0,6.6,fashion,284,influencer,0
03100,4,594.0,1.1,beauty,53,social,1
03101,4,4375.5,6.8,both,60,search,1
03103,0,4815.0,8.7,fashion,238,search,1
03104,5,1455.0,4.5,beauty,3,crm,0
03105,9,2917.5,6.8,both,137,social,0
03107,4,1159.5,3.7,beauty,43,crm,1
03109,9,5661.0,0.8,fashion,12,social,1
03110,5,2622.0,6.6,beauty,75,social,0
03111,14,523.5,6.5,beauty,145,social,0
03112,8,1341.0,1.8,both,224,search,0
03113,7,3381.0,9.1,fashion,21,search,0
03114,6,6568.5,2.6,fashion,263,influencer,1
03115,6,3537.0,6.5,fashion,21,social,1
03116,5,1162.5,4.9,both,16,influencer,0
03118,0,1447.5,4.1,both,68,social,1
03119,11,2166.0,0.3,both,68,search,0
03121,4,1057.5,4.5,both,35,influencer,1
03122,6,1683.0,9.1,fashion,23,social,0
03123,5,1129.5,4.0,beauty,62,social,0
03124,7,1012.5,1.0,both,81,social,1
03125,2,1591.5,2.6,beauty,1,social,0
03127,12,3264.0,4.0,beauty,47,influencer,0
03128,6,4302.0,3.4,fashion,41,influencer,1
03129,0,688.5,4.7,fashion,34,search,0
03130,2,1204.5,4.5,fashion,230,social,1
03131,9,4473.0,4.1,both,21,search,1
03133,13,2587.5,0.9,beauty,8,influencer,0
03134,8,3111.0,4.5,fashion,5,crm,0
03135,11,930.0,6.0,beauty,70,influencer,0
03136,5,3250.5,1.9,fashion,75,search,0
03137,14,5244.0,2.8,beauty,69,crm,1
03138,6,3616.5,9.6,beauty,29,search,1
03139,13,3510.0,5.3,fashion,270,social,1
03140,4,798.0,7.0,beauty,192,social,1
03141,2,3630.0,4.7,fashion,265,social,0
03142,4,3192.0,3.7,fashion,253,influencer,1
03143,11,3696.0,6.8,beauty,33,influencer,0
03144,6,447.0,6.2,fashion,7,social,0
03145,8,1746.0,1.0,fashion,59,social,1
03146,11,3028.5,2.0,fashion,123,search,1
03147,8,886.5,3.2,both,11,influencer,1
03148,14,1648.5,6.9,fashion,18,influencer,1
03149,14,2020.5,3.6,beauty,22,search,0
03150,11,2304.0,9.2,fashion,37,social,0
03151,7,2961.0,2.0,beauty,53,influencer,0
03152,4,4492.5,2.1,beauty,5,influencer,1
03153,6,2251.5,5.6,fashion,52,social,0
03154,3,6429.0,2.8,beauty,8,crm,1
03155,9,2050.5,5.3,beauty,117,search,1
03156,14,2125.5,1.6,both,47,influencer,1
03157,4,1035.0,5.2,fashion,3,social,0
03158,11,1942.5,5.5,both,106,influencer,0
03159,3,4792.5,8.7,both,68,social,1
03160,2,1323.0,6.6,beauty,2,social,0
03161,14,1978.5,2.1,fashion,239,influencer,0
03162,12,1170.0,6.8,fashion,1,social,1
03163,10,3627.0,3.3,fashion,6,social,0
03164,12,1417.5,2.2,fashion,2,social,1
03165,0,1323.0,2.2,beauty,3,crm,0
03166,12,2718.0,7.2,beauty,48,influencer,0
03167,4,2761.5,3.6,both,35,social,0
03168,11,2322.0,7.4,beauty,75,social,0
03169,1,2301.0,6.9,fashion,215,social,0
03171,4,2751.0,7.1,both,75,influencer,1
03172,10,3685.5,9.3,fashion,129,search,0
03173,1,979.5,4.0,fashion,0,search,1
03174,7,5095.5,2.5,beauty,43,search,0
03175,4,1074.0,4.1,both,62,social,1
03177,0,2869.5,6.0,beauty,67,influencer,1
03178,1,2344.5,7.3,fashion,240,social,1
03179,0,3006.0,4.7,both,49,social,1
03180,9,3238.5,9.1,beauty,145,social,1
03181,9,3237.0,0.9,fashion,173,social,1
03182,2,1941.0,3.6,beauty,31,influencer,0
03183,13,3514.5,4.4,beauty,55,social,0
03185,11,1875.0,7.6,beauty,18,influencer,0
03186,9,1261.5,7.9,fashion,57,social,0
03187,0,3250.5,2.5,fashion,79,search,1
03188,6,1900.5,6.2,fashion,0,social,0
03190,6,2143.5,1.5,both,205,social,0
03191,12,2257.5,0.4,both,9,social,0
03192,8,6657.0,4.1,beauty,47,social,0
03193,4,4282.5,8.1,fashion,8,search,0
03195,4,6061.5,4.3,beauty,22,social,1
03197,7,2116.5,5.8,fashion,33,influencer,1
03198,11,5682.0,4.7,fashion,243,crm,1
03199,3,2139.0,1.4,both,189,social,0
03200,11,1575.0,4.2,beauty,57,social,1
03202,12,3016.5,8.1,fashion,18,search,1
03203,3,3028.5,9.4,beauty,22,social,0
03204,3,3816.0,1.7,beauty,117,search,1
03207,7,543.0,6.9,fashion,6,social,0
03208,13,1815.0,7.5,beauty,0,social,1
03210,3,2580.0,4.8,both,297,social,1
03211,0,3307.5,4.8,fashion,296,social,1
03213,10,2010.0,3.0,fashion,25,social,0
03214,12,4654.5,5.0,both,45,social,0
03215,12,2427.0,0.1,fashion,26,social,1
03216,12,5481.0,4.4,both,163,social,1
03217,7,3271.5,3.2,beauty,18,social,0
03218,3,1801.5,3.8,fashion,0,social,1
03219,13,874.5,3.9,both,132,crm,0
03220,14,3015.0,2.1,beauty,282,influencer,1
03221,5,4699.5,7.1,fashion,214,search,0
03223,12,1648.5,4.7,beauty,32,social,0
03224,9,1416.0,0.9,fashion,280,search,0
03225,5,2491.5,7.2,fashion,285,social,1
03227,3,735.0,6.1,fashion,1,influencer,0
03228,6,5682.0,4.8,fashion,30,influencer,1
03231,9,1819.5,2.1,fashion,99,social,0
03232,2,1143.0,4.3,beauty,1,social,0
03233,3,1675.5,3.2,fashion,2,social,0
03234,14,1944.0,6.6,fashion,4,search,1
03235,8,2917.5,3.4,beauty,82,social,1
03236,4,3702.0,0.6,beauty,156,search,0
03237,11,1881.0,8.6,beauty,9,search,0
03238,3,1738.5,4.7,both,13,social,0
03241,0,652.5,4.6,beauty,208,social,1
03243,0,2508.0,4.4,beauty,33,social,0
03244,4,4170.0,9.3,beauty,208,social,0
03245,4,1098.0,1.0,beauty,298,search,1
03246,10,2638.5,0.4,fashion,35,crm,1
03247,8,2434.5,9.1,fashion,34,search,0
03248,0,3771.0,8.3,fashion,35,search,0
03249,2,1494.0,7.8,both,37,social,1
03250,2,4621.5,2.8,beauty,28,social,1
03251,3,781.5,4.6,fashion,9,search,1
03253,12,1699.5,3.3,fashion,8,social,1
03254,6,2356.5,3.3,fashion,92,social,0
03255,14,4914.0,8.2,both,0,search,1
03257,14,2716.5,3.3,fashion,11,search,1
03258,9,1912.5,2.5,fashion,6,social,0
03260,13,802.5,5.8,fashion,37,social,0
03261,8,3225.0,6.7,beauty,71,influencer,1
03262,6,3651.0,6.8,both,12,search,1
03264,11,891.0,6.1,beauty,63,social,0
03265,2,3799.5,6.7,beauty,2,social,1
03266,10,477.0,4.0,both,70,influencer,0
03267,6,5829.0,6.7,fashion,35,social,1
03268,4,2514.0,0.1,both,64,influencer,0
03269,6,3822.0,5.5,both,11,influencer,0
03270,8,4597.5,1.2,beauty,7,search,0
03272,2,2473.5,7.2,fashion,276,social,0
03273,7,1156.5,2.2,both,35,social,1
03274,12,5118.0,5.5,beauty,36,social,0
03275,5,5965.5,4.1,fashion,3,influencer,0
03276,12,2233.5,4.5,both,6,search,1
03277,3,3493.5,0.9,beauty,76,social,1
03278,14,2382.0,8.3,both,31,search,1
03279,3,4200.0,6.2,fashion,5,social,1
03280,3,1612.5,8.3,both,32,social,1
03281,6,3975.0,4.2,fashion,102,social,1
03282,5,2962.5,4.7,fashion,32,influencer,1
03284,4,2547.0,4.5,both,111,social,0
03285,4,508.5,4.0,beauty,3,social,0
03287,6,742.5,7.4,fashion,26,search,0
03288,11,2557.5,1.0,both,53,influencer,0
03289,10,4075.5,4.7,both,88,crm,0
03292,9,3819.0,2.0,both,168,search,0
03293,13,861.0,4.4,fashion,28,influencer,0
03294,14,3840.0,3.0,fashion,11,search,1
03296,10,1272.0,2.6,fashion,30,search,0
03301,5,1801.5,0.8,fashion,12,social,0
03302,2,2644.5,8.3,fashion,78,social,1
03303,3,1374.0,7.7,beauty,80,influencer,1
03304,11,1717.5,0.0,beauty,56,crm,0
03305,0,2887.5,0.1,fashion,277,social,0
03310,11,724.5,7.1,fashion,113,search,1
03311,5,2196.0,4.5,beauty,75,influencer,0
03312,7,3379.5,7.6,beauty,178,search,0
03313,11,1647.0,7.2,fashion,39,social,0
03314,5,1320.0,1.4,both,1,influencer,1
03315,9,3015.0,7.5,fashion,15,influencer,1
03317,8,5529.0,4.4,both,25,influencer,0
03319,3,4780.5,4.7,both,88,influencer,1
03320,13,4873.5,9.2,beauty,230,social,1
03321,5,1008.0,5.2,beauty,9,search,0
03322,3,4764.0,2.6,beauty,5,social,1
03324,3,472.5,7.3,beauty,87,search,0
03325,10,706.5,9.6,fashion,184,social,0
03326,1,1914.0,6.0,fashion,24,influencer,0
03328,1,5214.0,6.9,both,11,influencer,1
03329,1,4798.5,4.6,fashion,27,influencer,0
03330,1,4171.5,0.8,beauty,15,social,1
03333,9,1222.5,2.8,both,34,search,1
03334,3,4770.0,0.5,both,10,social,0
03335,3,586.5,3.1,both,16,social,0
03338,10,2764.5,1.8,fashion,64,influencer,0
03339,13,567.0,9.5,both,164,social,0
03340,2,546.0,5.6,fashion,102,social,0
03341,4,3849.0,3.8,both,62,social,0
03343,6,3453.0,4.2,beauty,166,social,0
03344,9,1563.0,4.1,fashion,72,influencer,0
03345,6,1948.5,7.5,beauty,15,social,0
03346,5,1498.5,8.0,beauty,1,search,0
03348,11,1662.0,5.2,beauty,18,search,0
03349,6,1611.0,7.0,beauty,107,influencer,1
03350,12,1750.5,0.2,fashion,90,influencer,0
03351,7,937.5,1.0,beauty,61,search,0
03352,10,2214.0,8.1,beauty,79,social,0
03353,12,2641.5,8.4,fashion,263,search,1
03354,0,3303.0,4.4,fashion,117,influencer,0
03356,2,676.5,4.0,fashion,220,search,0
03358,2,706.5,8.8,beauty,69,social,1
03360,9,4989.0,0.6,fashion,38,social,1
03362,12,3637.5,4.6,beauty,84,social,0
03363,12,5041.5,5.0,fashion,74,search,1
03364,6,2880.0,0.0,fashion,42,social,0
03366,9,3859.5,1.6,both,2,social,0
03367,5,810.0,9.7,both,13,social,0
03368,3,2595.0,1.7,fashion,26,search,1
03369,5,1774.5,2.5,both,10,influencer,0
03370,6,1288.5,8.5,fashion,27,search,1
03371,3,5703.0,7.4,fashion,19,social,1
03372,10,505.5,8.0,beauty,89,social,0
03373,7,3709.5,3.3,fashion,113,social,0
03374,4,1347.0,3.0,both,4,crm,1
03375,2,3162.0,7.6,both,17,social,1
03377,0,3294.0,7.0,beauty,4,social,0
03378,14,1981.5,3.6,beauty,249,influencer,1
03379,3,633.0,8.1,beauty,10,social,0
03380,1,4368.0,5.3,fashion,73,crm,0
03381,11,1290.0,3.4,beauty,180,search,1
03383,0,3783.0,3.7,fashion,43,social,1
03385,13,1192.5,1.5,beauty,31,influencer,0
03387,5,760.5,8.4,beauty,10,social,1
03388,3,2677.5,1.5,fashion,76,influencer,1
03389,4,454.5,1.2,fashion,57,social,1
03391,7,1779.0,7.8,beauty,12,social,0
03392,10,954.0,5.3,fashion,2,search,0
03393,3,3603.0,5.8,fashion,155,influencer,0
03394,5,747.0,6.8,fashion,63,search,0
03395,2,2749.5,7.8,beauty,52,search,1
03396,7,2707.5,5.9,fashion,10,social,0
03398,2,5485.5,3.5,fashion,265,social,0
03399,14,2148.0,8.1,fashion,0,crm,1
03400,14,895.5,7.1,fashion,45,social,0
03401,6,1366.5,9.0,both,7,influencer,0
03402,6,4054.5,8.9,both,10,influencer,1
03404,2,2625.0,2.0,both,10,influencer,1
03405,2,2872.5,4.8,both,103,social,0
03406,9,715.5,2.6,beauty,6,search,0
03407,9,3238.5,3.6,fashion,7,influencer,1
03408,11,3622.5,1.3,beauty,81,influencer,1
03409,10,4407.0,6.2,fashion,71,social,0
03411,7,4665.0,0.8,beauty,139,social,0
03412,10,1183.5,2.9,fashion,75,search,0
03413,14,4711.5,6.3,fashion,55,social,0
03414,2,5244.0,2.7,both,124,search,0
03415,1,4954.5,0.0,fashion,71,social,0
03416,4,4792.5,4.2,both,14,social,1
03418,6,2097.0,4.9,both,21,social,1
03419,7,3697.5,3.9,both,20,social,1
03422,1,1185.0,2.2,beauty,3,social,0
03423,12,3214.5,7.4,beauty,14,search,1
03424,6,2089.5,3.2,fashion,21,social,0
03425,8,1245.0,6.7,both,6,influencer,1
03427,13,5616.0,4.7,beauty,233,social,0
03428,7,2266.5,4.4,beauty,20,social,1
03429,13,2287.5,6.4,beauty,298,social,1
03430,9,1605.0,4.6,beauty,24,social,0
03431,2,1687.5,8.3,both,36,search,0
03432,3,763.5,3.3,beauty,260,social,1
03434,8,3372.0,3.2,fashion,205,social,0
03435,13,4218.0,2.1,fashion,11,social,1
03437,4,1500.0,2.1,fashion,2,influencer,1
03438,4,6139.5,7.4,beauty,17,search,1
03439,3,1038.0,0.3,fashion,286,social,0
03441,4,4732.5,1.5,fashion,24,crm,1
03442,14,706.5,4.9,both,15,social,1
03445,0,3474.0,3.3,fashion,19,influencer,1
03446,9,3091.5,2.1,both,67,social,0
03449,11,3955.5,1.1,beauty,232,social,0
03450,5,2754.0,3.7,fashion,34,social,0
03452,3,3673.5,1.3,beauty,127,search,0
03453,11,672.0,5.3,both,262,social,0
03454,3,565.5,0.8,fashion,51,social,0
03455,11,4594.5,8.0,beauty,24,crm,0
03456,12,2971.5,3.2,beauty,32,influencer,0
03457,4,2949.0,3.9,both,57,influencer,1
03461,9,2268.0,0.6,both,5,influencer,1
03462,2,1746.0,6.3,beauty,71,search,0
03465,4,5040.0,6.7,fashion,61,social,0
03466,7,6355.5,3.4,both,0,social,1
03467,13,2700.0,0.9,fashion,0,social,1
03469,2,5241.0,3.6,fashion,257,influencer,1
03470,4,4708.5,9.0,both,2,influencer,0
03472,2,561.0,3.0,fashion,53,social,1
03473,5,517.5,5.5,both,21,social,0
03474,9,3232.5,3.4,fashion,10,social,0
03475,12,2365.5,5.0,both,60,social,1
03476,2,5536.5,0.2,beauty,222,search,1
03478,7,1288.5,5.0,both,11,social,0
03479,3,4837.5,4.5,beauty,5,social,0
03480,7,5341.5,5.8,fashion,247,search,0
03482,10,4053.0,9.1,both,43,influencer,1
03483,10,5460.0,2.5,fashion,164,social,1
03484,12,1899.0,6.6,fashion,25,search,1
03485,14,1999.5,4.6,beauty,8,influencer,1
03486,3,750.0,3.2,fashion,2,social,0
03487,2,540.0,0.5,fashion,54,social,0
03488,4,1966.5,2.4,beauty,89,influencer,0
03489,4,1147.5,6.0,beauty,18,social,1
03492,10,2907.0,2.0,both,189,search,0
03493,0,2107.5,2.7,fashion,1,social,1
03494,8,1710.0,4.8,beauty,4,influencer,0
03495,1,3438.0,1.4,beauty,13,social,0
03496,8,4842.0,8.4,fashion,9,social,1
03497,8,3304.5,0.3,beauty,6,search,0
03498,12,3985.5,1.6,both,215,crm,1
03499,12,3210.0,1.6,fashion,36,influencer,0
03502,2,958.5,6.0,beauty,31,search,1
03505,2,438.0,7.1,fashion,52,search,0
03507,7,6139.5,1.2,beauty,194,search,1
03508,12,1924.5,2.3,both,41,search,0
03509,2,6487.5,3.2,beauty,89,social,0
03510,4,3253.5,5.6,beauty,7,social,1
03511,14,1326.0,9.5,fashion,2,search,0
03512,6,2250.0,4.9,beauty,99,influencer,0
03513,0,1881.0,4.6,fashion,115,search,1
03516,1,592.5,1.7,fashion,78,search,1
03517,13,5878.5,5.0,both,15,social,1
03518,13,4252.5,0.9,beauty,0,search,1
03520,6,3700.5,2.5,beauty,241,social,0
03521,2,3508.5,2.8,fashion,3,influencer,0
03522,14,1264.5,2.1,beauty,0,social,1
03523,12,2277.0,1.4,fashion,39,social,0
03524,5,594.0,1.4,both,263,influencer,0
03525,12,1785.0,9.7,fashion,5,influencer,0
03526,5,408.0,4.6,both,1,social,0
03528,12,3390.0,5.1,fashion,14,social,0
03529,8,742.5,3.3,fashion,3,search,0
03530,12,1153.5,6.9,both,80,social,1
03531,7,1168.5,7.8,beauty,33,influencer,0
03532,1,3955.5,7.7,fashion,294,search,0
03533,11,519.0,4.4,both,232,social,1
03534,3,4752.0,4.2,both,11,search,0
03535,8,2958.0,6.4,both,85,social,0
03536,3,3376.5,4.9,beauty,2,social,0
03538,4,1225.5,4.8,fashion,296,search,0
03539,9,1885.5,5.5,beauty,58,social,0
03540,5,2980.5,7.4,fashion,68,influencer,0
03542,3,2260.5,8.0,fashion,224,social,0
03543,4,2289.0,3.4,beauty,67,crm,0
03544,5,5785.5,3.9,fashion,71,influencer,1
03546,4,2526.0,8.2,fashion,272,search,1
03547,2,3504.0,4.5,fashion,30,social,0
03548,10,519.0,6.8,both,272,social,0
03550,1,3559.5,3.9,fashion,13,search,1
03551,14,3693.0,8.3,fashion,9,search,0
03552,6,583.5,5.8,beauty,277,social,0
03554,11,1701.0,0.6,beauty,39,social,0
03555,11,1407.0,3.9,beauty,4,social,1
03556,4,6318.0,5.4,beauty,32,influencer,0
03558,6,1582.5,4.1,beauty,7,influencer,0
03559,1,4914.0,4.1,fashion,150,social,0
03560,10,4158.0,6.4,fashion,167,influencer,1
03561,12,1663.5,1.6,beauty,101,search,0
03562,7,2755.5,0.1,fashion,4,social,1
03564,12,4780.5,0.2,both,75,social,1
03565,14,3799.5,4.0,beauty,89,crm,1
03567,9,2730.0,6.4,fashion,13,social,0
03568,14,3105.0,0.7,beauty,265,social,1
03569,0,531.0,6.3,beauty,58,crm,1
03570,4,5248.5,0.8,fashion,87,influencer,1
03571,3,5355.0,0.6,beauty,12,influencer,0
03572,4,1695.0,6.1,fashion,75,social,1
03573,8,3952.5,2.7,both,82,social,1
03574,14,4228.5,1.1,beauty,287,social,1
03575,11,4222.5,1.7,fashion,2,social,0
03578,0,6145.5,2.4,fashion,88,search,1
03579,10,3408.0,5.6,beauty,2,social,1
03580,2,1612.5,0.6,fashion,5,social,0
03581,3,4053.0,3.7,fashion,54,search,0
03582,12,589.5,4.2,beauty,147,influencer,0
03584,12,1416.0,1.8,both,27,social,1
03586,0,2977.5,3.6,fashion,209,search,1
03587,0,2262.0,0.7,both,49,social,1
03588,14,1710.0,8.9,beauty,79,social,1
03589,7,3795.0,3.6,beauty,240,social,0
03590,3,1855.5,3.4,fashion,74,search,0
03591,11,1597.5,4.8,fashion,31,social,1
03592,1,3376.5,1.0,fashion,43,social,0
03593,9,2271.0,0.3,both,0,crm,0
03596,5,4954.5,2.7,fashion,3,search,0
03598,9,556.5,0.2,fashion,3,social,0
03599,4,4260.0,8.1,fashion,75,social,1
03600,2,5257.5,2.5,fashion,38,social,0
03602,9,5841.0,8.3,fashion,0,search,0
03604,13,1891.5,8.2,fashion,22,social,0
03607,2,976.5,2.5,fashion,19,social,1
03608,2,877.5,9.4,both,9,search,0
03609,12,646.5,5.0,fashion,179,social,0
03610,11,1123.5,1.8,fashion,84,social,0
03611,14,2371.5,0.6,fashion,23,search,1
03612,7,2622.0,1.8,both,77,search,0
03614,14,6154.5,1.1,both,175,social,1
03615,0,1777.5,6.2,beauty,1,crm,1
03616,3,1963.5,1.9,beauty,18,search,0
03617,8,654.0,7.1,fashion,42,search,0
03618,5,1312.5,7.3,both,1,social,1
03619,5,612.0,1.4,both,58,social,1
03620,13,3249.0,7.7,both,17,social,1
03621,9,3336.0,1.7,fashion,71,social,0
03622,10,1204.5,3.9,both,80,social,1
03623,10,1684.5,7.2,beauty,250,social,0
03624,12,492.0,4.7,fashion,24,influencer,0
03625,6,3213.0,7.0,fashion,5,social,1
03626,10,4672.5,0.9,beauty,73,search,1
03629,8,2769.0,3.6,fashion,26,social,1
03631,11,3234.0,7.3,beauty,12,influencer,0
03632,7,2466.0,2.0,beauty,53,crm,0
03633,1,3763.5,6.7,both,268,search,1
03636,11,2485.5,8.1,beauty,51,social,0
03637,0,1270.5,8.7,fashion,148,search,0
03639,14,2745.0,5.7,beauty,1,social,0
03640,7,5215.5,3.6,beauty,15,search,1
03641,12,3769.5,6.2,fashion,64,search,0
03642,2,2143.5,7.6,both,8,influencer,0
03644,12,2038.5,7.7,fashion,75,crm,0
03645,8,5784.0,0.7,beauty,22,influencer,0
03647,4,1440.0,4.6,both,55,search,1
03648,6,597.0,1.3,beauty,3,influencer,0
03652,1,3529.5,0.8,fashion,68,social,0
03653,3,4200.0,6.1,beauty,19,social,1
03654,11,3525.0,4.2,both,34,social,0
03655,7,4245.0,7.7,beauty,25,search,0
03656,4,1729.5,0.5,fashion,270,social,0
03660,4,1161.0,1.3,fashion,87,social,0
03661,12,1207.5,3.3,fashion,34,search,0
03662,6,3433.5,6.6,both,15,search,0
03663,3,5467.5,2.1,beauty,4,search,1
03664,7,2737.5,4.0,beauty,58,influencer,0
03665,13,483.0,4.9,both,218,influencer,0
03667,5,4243.5,2.8,both,5,crm,1
03668,5,2374.5,3.8,fashion,221,search,0
03669,5,3354.0,0.5,fashion,78,influencer,0
03670,3,2574.0,9.5,fashion,43,social,1
03672,14,5289.0,3.4,fashion,3,social,0
03673,2,1333.5,8.5,both,6,influencer,1
03675,5,399.0,3.4,fashion,4,social,0
03676,5,1096.5,5.6,fashion,132,social,0
03677,1,829.5,2.2,fashion,91,social,1
03678,13,933.0,8.3,fashion,18,social,0
03679,9,438.0,4.3,beauty,11,influencer,0
03680,8,1482.0,5.5,fashion,141,social,0
03681,3,2169.0,3.0,fashion,259,influencer,0
03682,3,708.0,0.8,beauty,281,social,1
03684,12,1695.0,8.4,fashion,86,social,1
03685,11,853.5,1.3,beauty,265,social,0
03686,10,3520.5,3.6,beauty,6,social,1
03689,7,511.5,1.2,fashion,3,social,0
03692,6,858.0,7.4,fashion,25,social,0
03694,1,1261.5,8.0,fashion,58,social,0
03695,2,3562.5,6.6,beauty,23,influencer,0
03699,3,1254.0,4.1,fashion,21,social,1
03701,13,1758.0,4.4,beauty,54,search,1
03703,9,3927.0,9.1,both,23,influencer,1
03704,10,5713.5,4.8,fashion,111,search,1
03705,5,3496.5,8.2,both,10,influencer,1
03706,0,3135.0,6.5,beauty,72,influencer,0
03707,14,1611.0,7.3,beauty,73,social,0
03709,7,2665.5,6.4,beauty,15,social,0
03710,10,3355.5,6.5,fashion,7,influencer,1
03713,9,2856.0,0.7,both,14,influencer,1
03715,6,1698.0,5.3,fashion,10,influencer,1
03717,1,622.5,4.1,fashion,34,influencer,1
03718,2,3364.5,1.4,beauty,77,influencer,0
03720,3,472.5,0.6,fashion,278,social,0
03721,12,1899.0,1.1,fashion,90,influencer,0
03722,14,1914.0,3.9,both,13,social,0
03725,1,1023.0,7.1,fashion,65,social,0
03726,6,5037.0,0.1,fashion,95,search,0
03727,0,3147.0,8.8,both,292,social,1
03728,10,666.0,4.5,beauty,13,social,0
03729,2,4135.5,9.1,fashion,213,social,1
03730,1,2472.0,4.1,both,44,influencer,0
03731,4,3226.5,9.4,fashion,67,influencer,0
03734,4,4948.5,2.9,fashion,68,influencer,1
03735,12,3187.5,9.5,both,66,search,0
03737,8,3157.5,8.9,beauty,75,search,1
03739,8,3714.0,1.6,both,3,search,1
03741,12,1867.5,8.0,beauty,10,search,0
03742,4,790.5,8.3,fashion,37,search,1
03744,10,820.5,3.9,fashion,21,social,0
03745,6,3250.5,9.5,beauty,10,social,0
03748,11,1443.0,1.9,beauty,75,crm,0
03749,10,3025.5,2.0,beauty,122,influencer,1
03750,1,2460.0,7.4,fashion,258,social,0
03751,9,3828.0,3.7,fashion,76,search,0
03754,2,1755.0,4.4,fashion,0,crm,0
03755,3,4368.0,4.4,beauty,37,search,1
03756,11,2893.5,8.1,beauty,20,social,1
03757,8,5653.5,4.8,beauty,11,social,1
03758,11,1605.0,4.2,fashion,21,search,1
03759,1,5431.5,7.8,beauty,17,search,1
03760,8,868.5,5.1,beauty,54,influencer,0
03763,5,4701.0,7.2,fashion,247,social,0
03764,7,2610.0,0.5,fashion,177,search,0
03767,10,802.5,2.8,fashion,250,crm,0
03768,8,979.5,6.1,fashion,95,social,1
03769,6,2301.0,0.4,both,47,influencer,1
03770,3,1428.0,3.2,fashion,22,influencer,0
03772,5,3211.5,7.5,fashion,255,search,0
03773,1,2380.5,0.9,beauty,87,social,1
03775,10,1242.0,3.5,beauty,22,crm,1
03776,4,1819.5,0.9,fashion,35,influencer,0
03777,0,1384.5,3.8,beauty,5,influencer,1
03778,4,4035.0,5.6,fashion,12,social,1
03779,9,3720.0,8.0,beauty,81,search,0
03782,2,604.5,3.9,beauty,22,search,0
03783,7,4425.0,6.9,beauty,9,social,1
03785,2,3126.0,4.0,beauty,207,search,1
03786,2,4696.5,7.6,fashion,42,influencer,0
03787,0,4159.5,4.0,beauty,8,influencer,1
03789,7,993.0,4.9,fashion,7,social,1
03790,12,5244.0,2.0,fashion,40,social,1
03792,13,918.0,0.7,fashion,34,social,0
03793,9,2607.0,5.3,both,4,social,0
03794,9,2002.5,7.4,both,13,social,0
03795,5,586.5,7.0,beauty,34,social,1
03796,10,6120.0,5.2,fashion,0,social,1
03798,2,1719.0,4.4,fashion,188,social,1
03799,13,2898.0,4.8,both,207,social,1
03800,10,4338.0,1.3,fashion,19,search,1
03802,14,2322.0,5.6,beauty,115,influencer,0
03804,1,1842.0,1.1,fashion,16,influencer,1
03805,2,2506.5,1.9,beauty,5,search,1
03806,12,784.5,4.3,fashion,161,search,0
03807,3,4626.0,3.0,beauty,215,social,1
03808,8,4879.5,4.5,beauty,2,influencer,0
03809,14,1023.0,2.4,both,22,social,0
03810,11,4393.5,3.6,fashion,61,influencer,1
03811,3,2509.5,6.6,beauty,172,social,0
03812,6,1777.5,2.0,both,10,social,0
03813,11,4717.5,7.0,both,63,influencer,1
03814,7,519.0,2.7,fashion,166,crm,0
03815,4,4219.5,4.4,both,11,social,0
03816,14,1575.0,0.1,fashion,99,social,0
03819,10,2083.5,3.9,beauty,10,crm,1
03820,7,3339.0,5.0,both,35,influencer,0
03821,4,2044.5,1.5,fashion,1,influencer,1
03823,6,2835.0,8.3,both,272,crm,1
03825,2,3418.5,7.9,beauty,36,social,1
03826,13,2548.5,4.8,beauty,27,social,1
03827,13,3481.5,6.3,beauty,81,search,1
03828,6,5772.0,7.7,fashion,78,social,0
03829,11,852.0,4.7,both,2,social,0
03830,13,3273.0,3.2,fashion,58,influencer,1
03831,0,1981.5,4.0,beauty,62,crm,0
03832,3,2953.5,2.5,fashion,0,social,0
03833,3,5106.0,0.8,beauty,72,search,1
03834,5,3279.0,4.4,fashion,120,search,1
03835,5,1815.0,7.9,fashion,42,crm,1
03836,9,4587.0,3.9,beauty,137,influencer,1
03837,7,3265.5,0.2,beauty,246,search,0
03839,0,1291.5,3.9,fashion,39,social,0
03840,12,2347.5,6.6,beauty,90,influencer,1
03842,13,5244.0,7.3,fashion,42,search,1
03843,3,1938.0,4.5,fashion,1,search,1
03844,12,5119.5,5.4,beauty,14,social,1
03845,5,1725.0,0.6,beauty,138,social,0
03846,9,1330.5,1.2,beauty,27,social,1
03847,14,4222.5,5.6,fashion,31,influencer,1
03848,13,1105.5,4.6,beauty,87,social,0
03850,2,2368.5,0.9,both,36,influencer,0
03851,7,3532.5,4.1,fashion,33,social,1
03852,2,3933.0,4.5,beauty,2,social,1
03853,5,2416.5,7.6,fashion,50,influencer,1
03854,1,4009.5,5.8,fashion,212,social,0
03855,8,4780.5,8.2,beauty,223,social,0
03856,13,1926.0,1.2,beauty,7,influencer,1
03857,12,1804.5,2.0,fashion,13,social,1
03858,1,5100.0,7.3,beauty,12,social,1
03861,5,2413.5,5.5,both,52,social,1
03862,3,2313.0,1.2,fashion,49,social,0
03863,11,1743.0,6.8,beauty,9,influencer,1
03865,12,4341.0,6.7,fashion,18,influencer,0
03866,6,4504.5,7.3,beauty,50,social,1
03867,11,4000.5,2.0,both,5,social,1
03868,6,2028.0,2.2,beauty,0,search,0
03870,6,520.5,1.3,both,77,social,0
03871,12,2152.5,2.7,beauty,13,search,0
03873,10,2653.5,5.3,beauty,16,influencer,1
03874,9,2589.0,4.3,beauty,45,crm,0
03875,8,3330.0,3.7,both,154,social,1
03876,1,3903.0,6.9,beauty,2,social,1
03877,4,4045.5,7.0,fashion,299,social,0
03879,8,3121.5,0.0,both,9,search,0
03882,13,541.5,1.7,fashion,60,search,1
03883,10,1731.0,2.2,beauty,16,social,0
03884,10,2476.5,2.3,fashion,30,social,0
03885,1,5134.5,3.7,fashion,229,crm,1
03886,2,2902.5,9.7,beauty,9,social,1
03892,14,3181.5,6.0,fashion,2,social,1
03895,10,1783.5,1.8,both,12,search,1
03897,7,3862.5,6.4,fashion,24,social,1
03898,11,3624.0,5.5,fashion,71,social,1
03900,10,2431.5,5.1,fashion,204,search,0
03901,12,3837.0,8.7,fashion,1,search,1
03903,10,3897.0,4.0,beauty,111,social,1
03904,11,2806.5,4.8,fashion,22,search,0
03905,7,3448.5,5.8,beauty,68,influencer,0
03906,11,1276.5,0.1,beauty,22,social,0
03907,8,2523.0,6.6,beauty,175,social,0
03908,1,2709.0,4.7,both,79,social,1
03909,0,4726.5,0.7,fashion,79,social,0
03911,9,2503.5,0.6,beauty,49,influencer,1
03913,10,3432.0,0.3,beauty,18,social,1
03914,12,759.0,6.9,beauty,5,social,1
03915,5,1297.5,8.1,both,55,influencer,0
03917,13,3747.0,7.8,fashion,42,crm,0
03918,10,904.5,4.4,fashion,98,influencer,0
03919,0,4248.0,7.3,fashion,16,search,0
03920,11,1201.5,6.6,fashion,45,social,0
03921,10,2146.5,0.8,fashion,65,search,0
03922,3,6279.0,1.5,both,12,social,1
03923,5,2232.0,6.6,fashion,76,social,0
03924,1,993.0,6.4,fashion,85,search,0
03925,10,1098.0,4.8,beauty,17,social,0
03926,10,6013.5,6.3,both,84,influencer,1
03927,7,2653.5,5.5,beauty,40,social,0
03928,3,1966.5,3.4,both,36,crm,0
03929,1,3022.5,3.3,fashion,20,search,1
03930,0,2328.0,3.0,fashion,65,influencer,0
03931,7,1968.0,8.1,both,77,social,0
03932,9,3471.0,1.2,fashion,14,social,1
03933,0,3628.5,1.9,beauty,6,search,0
03934,6,1308.0,6.9,both,6,search,0
03935,6,2775.0,2.8,both,27,crm,1
03936,12,5070.0,5.7,fashion,18,social,1
03937,5,3925.5,4.5,both,4,search,1
03938,7,1342.5,2.5,both,38,social,1
03939,9,2175.0,1.6,both,86,social,0
03940,0,5763.0,9.3,beauty,10,social,1
03942,0,399.0,6.0,beauty,60,crm,0
03943,12,2355.0,4.3,both,11,social,1
03944,0,1543.5,2.0,both,238,search,0
03945,5,3097.5,9.0,beauty,74,influencer,0
03946,6,2908.5,4.3,beauty,4,social,1
03947,9,4366.5,5.2,fashion,83,social,1
03949,9,5190.0,0.4,both,250,social,0
03950,4,3816.0,3.2,both,20,influencer,1
03951,0,2085.0,4.6,beauty,1,crm,1
03952,8,2191.5,8.4,beauty,23,social,0
03955,8,1462.5,3.1,fashion,38,search,0
03957,13,2064.0,2.7,both,250,social,1
03958,2,2923.5,6.0,beauty,66,social,1
03959,13,1564.5,7.4,beauty,39,crm,0
03961,2,1354.5,7.6,beauty,295,social,1
03963,1,4354.5,3.0,both,17,search,1
03964,6,4119.0,7.4,fashion,95,search,0
03965,7,2935.5,5.0,beauty,34,influencer,0
03968,12,1425.0,4.9,beauty,60,search,1
03969,1,711.0,3.5,both,81,influencer,0
03970,10,3225.0,5.9,fashion,59,search,1
03971,6,864.0,4.4,beauty,48,social,0
03972,13,4023.0,4.2,beauty,1,social,1
03973,14,616.5,5.6,fashion,1,search,0
03974,3,1581.0,1.8,fashion,0,social,0
03975,4,694.5,6.8,both,143,social,0
03976,0,1953.0,4.7,beauty,86,social,0
03977,14,2565.0,4.2,both,48,search,1
03979,9,1678.5,2.3,fashion,11,influencer,1
03980,12,5073.0,9.6,both,43,search,1
03982,10,4915.5,3.2,beauty,104,social,0
03984,0,3361.5,4.4,beauty,84,social,0
03985,1,6156.0,4.4,both,5,social,1
03986,6,2292.0,2.4,both,64,social,0
03988,1,4204.5,3.3,fashion,41,social,1
03989,8,5338.5,0.0,fashion,84,search,0
03990,5,513.0,3.5,fashion,19,social,0
03991,11,4507.5,4.7,fashion,32,search,1
03992,11,4294.5,2.7,fashion,41,social,1
03993,4,2353.5,7.7,fashion,49,search,1
03994,6,846.0,4.7,fashion,37,search,0
03995,9,1140.0,2.2,beauty,75,search,1
03996,7,2974.5,7.0,both,14,social,1
03997,12,3363.0,8.5,beauty,72,search,1
03999,5,4114.5,5.6,beauty,120,social,1
04000,4,720.0,8.8,beauty,27,social,0
04002,1,1981.5,4.2,both,4,social,0
04003,14,2391.0,3.3,beauty,12,search,1
04004,7,2172.0,2.0,both,13,influencer,0
04007,0,4651.5,6.8,beauty,157,search,1
04008,2,4746.0,8.7,fashion,68,social,0
04009,12,1602.0,5.7,both,2,influencer,1
04012,14,3925.5,8.5,beauty,222,social,1
04013,9,2986.5,4.5,both,217,influencer,1
04014,9,1176.0,2.4,beauty,39,influencer,0
04015,13,1876.5,8.2,fashion,83,search,1
04017,2,2118.0,6.8,beauty,272,social,0
04018,3,3388.5,7.0,both,30,social,1
04019,2,3312.0,4.1,beauty,7,influencer,1
04020,2,3934.5,0.1,beauty,11,search,0
04021,1,4906.5,4.0,fashion,266,social,0
04022,5,1009.5,1.7,both,38,social,0
04023,12,6586.5,9.1,both,4,search,0
04024,14,1234.5,6.4,fashion,22,search,0
04025,9,4410.0,8.0,fashion,10,search,0
04028,3,3282.0,6.7,fashion,8,influencer,1
04029,13,1606.5,1.4,both,7,social,1
04030,7,1257.0,7.7,both,92,social,0
04031,5,3250.5,2.8,both,12,search,1
04032,11,3585.0,5.3,both,79,social,1
04033,7,1674.0,0.2,both,4,social,1
04034,5,5890.5,5.0,beauty,63,social,1
04035,14,1533.0,4.6,beauty,209,influencer,0
04036,12,3006.0,6.0,both,36,search,1
04037,8,760.5,3.0,fashion,286,social,0
04039,13,1360.5,1.5,beauty,33,search,1
04040,2,1714.5,3.9,fashion,54,social,1
04042,9,646.5,1.3,fashion,202,search,0
04043,13,4633.5,6.2,both,44,crm,1
04044,13,3664.5,8.7,fashion,41,search,0
04045,5,2178.0,2.0,beauty,205,influencer,0
04046,6,795.0,0.4,beauty,0,social,0
04048,4,1348.5,2.9,beauty,45,social,1
04049,5,2755.5,8.1,both,63,social,1
04050,6,2926.5,8.9,beauty,48,social,0
04051,10,2020.5,8.6,fashion,28,search,0
04052,1,2205.0,4.6,fashion,29,influencer,1
04053,9,3301.5,6.2,fashion,49,influencer,1
04057,6,4465.5,8.3,beauty,86,influencer,0
04058,0,4365.0,0.2,fashion,222,influencer,1
04059,5,2062.5,7.9,fashion,47,social,1
04062,0,1072.5,4.3,beauty,0,search,0
04064,5,3877.5,9.1,fashion,0,social,0
04065,4,750.0,6.3,fashion,15,social,1
04067,2,4212.0,8.4,beauty,53,search,0
04068,13,1170.0,1.0,fashion,13,influencer,0
04069,9,912.0,6.9,beauty,63,social,0
04070,12,691.5,6.1,both,33,influencer,1
04072,6,4183.5,3.0,beauty,2,search,1
04073,6,2373.0,6.9,fashion,39,search,1
04074,6,811.5,6.5,beauty,44,search,1
04075,13,2194.5,1.1,fashion,8,social,0
04076,14,2269.5,5.9,fashion,33,search,0
04077,5,4059.0,3.3,fashion,10,influencer,1
04078,3,3378.0,3.4,beauty,18,social,1
04080,11,1383.0,3.7,fashion,18,influencer,1
04081,14,876.0,0.6,fashion,10,social,1
04082,8,4809.0,4.1,both,17,search,0
04083,6,4866.0,3.4,fashion,85,influencer,0
04084,6,3175.5,0.2,fashion,44,social,1
04085,7,688.5,1.7,both,215,social,0
04086,10,5269.5,6.2,beauty,9,social,1
04087,4,4380.0,1.8,fashion,62,social,1
04088,10,6424.5,0.6,fashion,73,social,1
04089,8,1935.0,1.0,both,2,search,0
04090,5,4438.5,4.0,beauty,208,crm,0
04091,6,814.5,0.5,fashion,73,social,0
04092,11,3754.5,4.7,fashion,82,social,1
04094,8,4620.0,4.1,fashion,11,social,1
04097,2,3835.5,2.6,beauty,131,social,1
04099,5,3100.5,2.1,beauty,28,influencer,0
04100,10,2823.0,3.3,fashion,223,search,0
04101,11,1329.0,2.7,beauty,16,social,0
04102,6,3112.5,0.7,beauty,152,search,1
04104,3,1779.0,1.1,both,84,crm,1
04107,2,2154.0,5.9,both,14,social,1
04108,0,1384.5,6.7,beauty,81,social,1
04109,14,5179.5,2.3,fashion,79,search,0
04110,0,1996.5,1.9,beauty,150,influencer,1
04111,4,2982.0,6.3,both,167,influencer,1
04114,13,610.5,4.9,beauty,65,social,0
04115,7,2964.0,1.6,fashion,92,social,0
04116,2,4722.0,6.9,beauty,82,search,0
04119,7,4659.0,7.0,fashion,211,social,1
04121,8,3208.5,3.6,beauty,248,influencer,1
04122,1,3711.0,7.3,both,64,search,1
04123,11,1195.5,7.1,fashion,15,search,1
04124,7,630.0,1.0,fashion,3,crm,1
04125,1,5265.0,2.2,both,2,social,1
04126,6,1795.5,4.1,beauty,9,crm,0
04127,7,886.5,1.9,beauty,12,influencer,0
04130,14,3745.5,4.9,fashion,167,search,0
04131,2,858.0,1.8,fashion,39,social,1
04132,12,450.0,7.4,beauty,25,search,0
04134,6,3151.5,2.4,fashion,80,social,0
04135,9,3102.0,2.2,fashion,11,crm,1
04136,2,5373.0,7.4,beauty,21,social,1
04137,7,3336.0,0.8,beauty,251,search,1
04138,8,1254.0,2.8,beauty,51,social,1
04139,1,2617.5,3.1,beauty,0,social,0
04140,14,3942.0,4.3,fashion,76,social,1
04141,0,2004.0,6.4,fashion,66,social,1
04142,7,4288.5,4.8,fashion,24,social,0
04143,9,3651.0,4.4,both,22,social,0
04144,5,2032.5,1.7,beauty,36,social,1
04145,9,1269.0,4.3,beauty,76,social,0
04147,2,1935.0,8.5,fashion,72,search,0
04148,8,1387.5,1.3,beauty,76,influencer,1
04150,5,2506.5,6.4,both,76,influencer,0
04153,5,4434.0,6.3,both,172,social,1
04154,0,2574.0,3.2,beauty,196,search,0
04157,4,3114.0,4.0,both,62,search,0
04158,7,2169.0,3.7,beauty,72,influencer,0
04159,12,954.0,2.1,both,20,search,0
04160,1,3481.5,6.8,both,6,social,1
04162,6,1114.5,4.4,beauty,88,influencer,0
04163,5,1188.0,3.5,fashion,3,search,1
04164,0,726.0,6.8,fashion,46,search,0
04165,11,4072.5,6.7,fashion,113,search,0
04166,7,5139.0,1.6,fashion,281,social,0
04169,14,1201.5,0.7,fashion,288,social,1
04171,4,2404.5,2.2,beauty,1,social,0
04172,6,3915.0,4.7,beauty,53,influencer,1
04173,8,1324.5,5.0,beauty,32,influencer,1
04174,3,1773.0,6.8,fashion,17,search,1
04176,13,646.5,3.6,beauty,18,social,1
04179,6,1884.0,7.7,fashion,31,social,0
04180,7,3897.0,4.4,beauty,292,social,0
04181,4,934.5,6.6,beauty,17,search,0
04182,14,2080.5,1.8,fashion,284,social,0
04184,2,1198.5,4.4,beauty,87,search,0
04185,0,2158.5,6.5,fashion,64,social,1
04186,9,2439.0,4.9,fashion,216,social,1
04189,10,2499.0,5.7,fashion,50,social,1
04193,12,2632.5,9.3,fashion,30,crm,0
04194,6,2248.5,2.4,both,59,search,0
04195,1,3607.5,9.3,beauty,12,social,0
04196,1,2533.5,5.4,both,227,social,1
04198,12,4188.0,5.1,fashion,0,social,1
04199,11,5664.0,4.9,beauty,137,social,1
04200,0,1126.5,2.0,fashion,271,social,1
04201,1,2968.5,1.6,beauty,3,social,1
04202,4,3717.0,4.3,beauty,150,social,1
04204,14,5812.5,3.4,fashion,31,crm,0
04205,10,5421.0,7.5,both,20,social,1
04206,9,1254.0,6.7,fashion,286,crm,1
04207,5,6295.5,2.0,both,1,social,0
04208,1,5971.5,7.5,fashion,64,influencer,0
04209,14,1737.0,5.3,beauty,197,social,0
04210,13,2529.0,0.8,both,280,social,0
04211,7,2805.0,1.5,beauty,18,social,0
04212,3,2404.5,5.1,beauty,198,crm,0
04213,2,1282.5,7.1,beauty,138,influencer,1
04214,4,502.5,3.4,beauty,26,social,0
04215,13,936.0,4.2,fashion,37,influencer,0
04216,7,3096.0,4.5,fashion,64,social,0
04217,8,2031.0,8.1,beauty,2,social,1
04218,0,4845.0,5.6,fashion,38,influencer,1
04219,3,1167.0,7.3,both,58,social,0
04220,5,4501.5,3.9,beauty,3,social,1
04222,12,5203.5,0.2,beauty,80,social,0
04223,8,3549.0,7.1,fashion,73,social,1
04224,0,726.0,3.8,beauty,111,social,0
04225,14,2212.5,6.4,fashion,61,crm,0
04226,12,810.0,9.1,fashion,80,social,0
04227,14,3799.5,8.1,fashion,45,search,0
04228,13,1552.5,8.1,beauty,78,search,0
04230,9,3867.0,7.1,fashion,3,search,0
04232,5,5034.0,3.0,fashion,78,influencer,0
04233,8,3729.0,3.8,both,34,social,0
04234,14,2274.0,8.3,fashion,7,social,0
04235,3,4077.0,2.3,fashion,39,crm,0
04236,9,897.0,1.5,fashion,0,search,0
04238,8,2226.0,7.6,beauty,39,search,1
04239,2,645.0,5.6,fashion,42,influencer,1
04240,10,3255.0,5.5,fashion,4,search,0
04242,4,4570.5,0.7,fashion,59,social,0
04243,9,4395.0,2.8,fashion,1,crm,0
04244,0,4513.5,1.2,fashion,0,search,0
04245,6,664.5,5.5,fashion,27,influencer,0
04246,7,1147.5,7.4,beauty,38,search,0
04247,14,5472.0,0.8,fashion,84,social,1
04249,0,3489.0,8.8,beauty,267,crm,0
04250,8,2325.0,2.2,fashion,169,social,0
04251,6,1203.0,1.8,fashion,2,social,0
04252,13,5437.5,3.3,fashion,47,influencer,0
04253,5,1557.0,8.7,beauty,64,search,0
04254,3,967.5,3.1,beauty,290,search,1
04255,2,2635.5,5.4,fashion,44,search,0
04256,3,1182.0,1.2,fashion,241,search,0
04257,0,2643.0,7.1,beauty,11,social,1
04258,8,403.5,4.7,fashion,1,social,1
04259,1,501.0,6.0,fashion,13,social,1
04260,1,2643.0,5.1,both,71,search,1
04261,2,3469.5,0.5,fashion,271,social,1
04262,13,990.0,0.0,fashion,42,influencer,0
04263,12,3262.5,7.8,beauty,256,social,1
04264,0,1470.0,8.1,both,26,social,1
04265,9,5596.5,8.3,fashion,174,influencer,0
04266,2,570.0,3.9,fashion,50,social,1
04267,3,5256.0,0.8,fashion,80,search,1
04268,8,3843.0,4.9,beauty,0,social,1
04271,5,1618.5,1.6,fashion,7,social,1
04272,12,1686.0,1.7,both,90,influencer,0
04273,0,1048.5,8.3,beauty,97,social,0
04274,2,1599.0,4.1,both,26,influencer,1
04276,6,3073.5,4.1,both,298,search,1
04277,6,625.5,8.1,both,110,search,0
04278,9,1707.0,3.9,both,13,social,0
04279,12,5355.0,7.1,beauty,21,social,0
04280,11,823.5,2.0,fashion,153,search,1
04281,11,3609.0,4.7,beauty,28,search,1
04282,14,3690.0,4.0,fashion,147,influencer,1
04283,12,6393.0,3.0,beauty,181,search,0
04284,0,1018.5,7.8,both,8,search,1
04285,8,2976.0,0.6,beauty,84,search,0
04287,6,3987.0,1.5,beauty,0,crm,1
04288,11,3840.0,4.8,beauty,1,social,1
04289,11,633.0,7.0,fashion,5,crm,0
04291,8,2833.5,7.6,beauty,60,search,1
04292,11,649.5,4.8,beauty,0,social,0
04293,11,592.5,6.1,beauty,22,social,1
04295,8,2910.0,7.0,beauty,55,influencer,1
04296,3,3211.5,0.1,both,66,social,1
04297,5,2350.5,4.5,fashion,39,influencer,0
04298,12,1264.5,1.9,beauty,30,influencer,1
04299,11,2245.5,7.3,beauty,11,crm,0
04302,5,1836.0,5.7,beauty,175,influencer,0
04307,4,2256.0,1.8,beauty,32,influencer,1
04309,7,3730.5,3.1,beauty,258,social,1
04310,2,3025.5,8.0,beauty,107,social,0
04311,5,1902.0,4.4,beauty,0,social,1
04312,11,3330.0,1.7,fashion,45,search,1
04314,3,1482.0,6.7,fashion,182,social,0
04315,9,1665.0,7.2,beauty,53,search,0
04316,6,4756.5,7.4,fashion,52,social,0
04317,14,3748.5,6.0,fashion,7,social,1
04318,0,2677.5,2.7,both,13,crm,1
04319,11,1656.0,4.5,beauty,32,search,0
04320,6,1615.5,5.6,fashion,35,social,1
04321,8,2593.5,2.1,both,42,influencer,0
04322,9,2370.0,9.1,both,258,crm,1
04323,7,2841.0,5.4,both,62,social,1
04324,3,1705.5,7.1,beauty,189,social,0
04325,2,1278.0,4.3,both,17,social,1
04326,6,2637.0,0.8,both,186,influencer,1
04327,12,3811.5,3.6,beauty,8,search,1
04328,11,4978.5,2.3,beauty,259,search,1
04329,0,2208.0,9.0,both,41,crm,1
04330,7,2923.5,8.5,beauty,34,search,1
04331,13,3217.5,4.4,fashion,66,social,1
04332,11,2398.5,4.4,fashion,69,social,1
04335,5,3822.0,3.8,fashion,21,social,1
04336,9,6237.0,4.6,beauty,44,crm,1
04337,7,1476.0,6.2,fashion,178,social,1
04339,4,2874.0,7.6,fashion,261,influencer,1
04341,3,4681.5,0.2,both,34,influencer,1
04342,6,2847.0,7.9,beauty,156,search,0
04343,5,2299.5,4.4,beauty,4,social,0
04347,11,3750.0,1.6,beauty,34,social,0
04348,4,1657.5,7.8,beauty,58,influencer,0
04349,1,3372.0,9.1,both,59,social,0
04350,3,2064.0,5.0,beauty,16,social,1
04351,0,2614.5,6.3,beauty,5,social,0
04353,8,2367.0,4.6,both,3,social,1
04356,4,3060.0,2.4,beauty,15,search,0
04357,0,5301.0,3.9,beauty,31,social,1
04358,3,4969.5,8.9,fashion,55,social,0
04359,3,1873.5,7.7,fashion,62,search,1
04361,4,5349.0,5.3,both,2,social,1
04362,1,5394.0,5.3,fashion,0,social,1
04363,1,2821.5,2.0,beauty,5,influencer,1
04364,11,4399.5,4.3,beauty,91,social,1
04365,1,5007.0,7.9,both,1,search,0
04366,10,4356.0,4.8,fashion,2,social,1
04367,7,3798.0,0.8,both,271,social,1
04368,12,1903.5,5.9,fashion,5,social,1
04369,11,1645.5,4.6,fashion,65,search,0
04370,1,1066.5,8.3,fashion,229,crm,1
04371,5,2137.5,3.3,beauty,16,social,0
04375,13,4336.5,0.5,fashion,7,search,1
04376,0,5296.5,7.0,beauty,86,social,0
04377,1,1564.5,5.4,fashion,67,crm,0
04378,13,1963.5,1.2,fashion,35,search,1
04380,5,2838.0,2.8,fashion,82,search,1
04381,14,6120.0,4.3,beauty,65,social,1
04383,5,3286.5,2.3,both,58,social,0
04384,7,3766.5,4.2,fashion,195,social,0
04385,14,1707.0,7.8,beauty,76,social,1
04387,6,1086.0,1.7,beauty,74,crm,0
04388,0,4242.0,6.9,fashion,62,social,0
04389,1,2781.0,1.1,beauty,102,search,0
04393,7,4353.0,2.8,both,212,influencer,0
04395,6,2838.0,5.3,fashion,6,social,0
04396,6,5085.0,2.9,beauty,13,influencer,1
04397,7,3709.5,0.9,fashion,277,search,0
04398,8,4060.5,4.7,beauty,13,influencer,1
04400,13,2790.0,4.4,beauty,179,crm,1
04401,6,2830.5,5.6,fashion,271,social,0
04402,8,2377.5,6.9,beauty,57,influencer,0
04403,14,3975.0,5.4,both,89,search,1
04404,4,4431.0,3.7,fashion,122,social,0
04405,9,1287.0,4.9,beauty,81,influencer,1
04409,9,2955.0,0.7,both,6,social,1
04410,10,1455.0,7.8,beauty,7,social,0
04412,3,4269.0,5.4,beauty,187,social,1
04413,13,3477.0,2.7,fashion,7,social,0
04414,1,5502.0,2.6,both,33,social,1
04415,10,5691.0,0.3,beauty,91,social,1
04416,2,3088.5,0.3,beauty,46,social,1
04417,2,4642.5,3.0,fashion,185,social,1
04418,1,1503.0,3.1,fashion,41,search,0
04419,12,1708.5,4.3,beauty,50,social,1
04420,8,3313.5,1.9,beauty,144,social,1
04423,13,5409.0,3.1,both,56,social,0
04424,9,4339.5,3.3,both,59,social,1
04427,10,2362.5,4.1,beauty,83,influencer,0
04428,7,2806.5,2.1,fashion,270,social,1
04429,9,5149.5,5.9,beauty,60,influencer,0
04431,4,2796.0,6.5,beauty,59,influencer,0
04434,2,4593.0,4.6,fashion,22,social,1
04436,9,538.5,0.3,beauty,43,influencer,1
04437,1,786.0,4.4,fashion,38,search,0
04438,12,2457.0,4.2,fashion,206,social,0
04439,7,2026.5,1.0,fashion,155,influencer,0
04441,11,2113.5,7.8,both,70,social,0
04442,13,3736.5,2.9,fashion,188,influencer,1
04443,8,1453.5,2.0,both,200,social,0
04444,11,2332.5,4.2,both,2,social,0
04445,5,1380.0,6.9,fashion,77,crm,1
04446,3,2355.0,5.0,beauty,13,social,1
04447,5,1629.0,3.9,beauty,3,social,1
04448,11,2808.0,2.5,both,6,influencer,0
04449,6,1998.0,5.2,beauty,8,social,1
04450,11,2193.0,3.6,both,66,social,0
04451,7,751.5,7.1,fashion,220,social,1
04452,2,4882.5,5.6,fashion,219,social,0
04453,11,2005.5,9.7,beauty,129,influencer,0
04454,5,2925.0,6.8,both,233,social,1
04455,13,1774.5,3.0,beauty,13,crm,0
04457,5,1428.0,0.3,fashion,7,social,1
04458,9,4762.5,1.4,both,6,social,1
04459,6,2044.5,5.6,fashion,42,search,1
04460,14,5539.5,6.4,beauty,71,influencer,1
04462,3,1918.5,6.6,both,17,social,1
04464,14,481.5,3.8,fashion,101,search,0
04465,1,4627.5,5.9,beauty,4,crm,1
04466,14,4063.5,7.7,fashion,15,crm,1
04468,2,2286.0,8.6,beauty,20,crm,0
04469,14,2361.0,3.8,beauty,3,social,1
04470,14,3126.0,6.9,fashion,25,influencer,1
04471,8,1701.0,4.4,beauty,33,social,0
04472,7,5184.0,0.4,fashion,39,influencer,1
04474,5,6685.5,7.1,beauty,0,search,0
04475,9,4428.0,4.8,both,299,search,1
04476,1,5340.0,6.6,fashion,228,search,0
04477,14,2496.0,1.1,beauty,9,social,1
04478,7,1740.0,5.0,both,108,search,0
04479,10,2613.0,0.9,both,63,social,1
04480,14,2827.5,1.7,beauty,88,search,0
04481,5,5457.0,0.9,both,80,search,0
04482,10,483.0,6.0,beauty,60,search,0
04484,5,967.5,6.3,beauty,94,influencer,0
04485,12,2832.0,6.6,fashion,59,social,1
04486,4,867.0,4.6,beauty,294,social,0
04487,5,4578.0,6.1,fashion,35,search,1
04488,12,2224.5,2.6,fashion,11,social,0
04489,0,1605.0,8.7,both,247,search,0
04490,3,4534.5,7.4,beauty,26,social,1
04491,6,1845.0,1.2,beauty,19,influencer,0
04492,12,799.5,0.1,fashion,68,search,0
04493,14,748.5,6.2,beauty,28,social,1
04494,4,3553.5,8.9,both,138,social,1
04495,5,2380.5,6.1,both,88,social,0
04496,1,2650.5,1.1,fashion,44,social,0
04497,7,3315.0,3.7,both,11,search,0
04499,3,5701.5,3.3,beauty,11,influencer,1
04500,5,2434.5,2.8,beauty,44,search,1
04501,2,5368.5,8.2,fashion,15,social,1
04502,8,2673.0,3.9,both,74,search,1
04507,14,1308.0,6.9,beauty,48,search,0
04509,8,3288.0,3.3,beauty,16,social,0
04511,8,1540.5,8.2,fashion,12,search,0
04512,1,690.0,2.6,beauty,118,influencer,0
04513,8,3820.5,2.3,fashion,13,influencer,0
04514,7,460.5,7.9,beauty,8,social,0
04515,14,5620.5,7.2,fashion,6,search,1
04516,1,1516.5,7.3,fashion,30,influencer,1
04517,8,3145.5,4.5,both,111,search,1
04518,4,1621.5,7.0,both,84,social,1
04519,12,783.0,3.2,beauty,31,social,1
04520,11,2380.5,6.1,fashion,42,social,1
04521,8,2887.5,6.7,both,31,social,1
04523,3,2487.0,4.3,fashion,9,social,0
04525,10,1734.0,9.3,both,1,search,1
04526,4,1293.0,9.2,both,132,search,0
04527,14,937.5,6.0,beauty,9,influencer,0
04528,6,2005.5,5.2,fashion,26,influencer,1
04530,6,1696.5,3.7,fashion,0,search,1
04533,5,3175.5,6.9,beauty,38,social,0
04534,14,1614.0,4.9,both,10,social,1
04535,7,3286.5,0.3,fashion,30,social,0
04536,10,5403.0,0.2,beauty,67,social,1
04537,9,1242.0,2.8,both,3,search,1
04538,8,1837.5,5.8,fashion,11,influencer,1
04542,7,2061.0,3.0,beauty,7,search,0
04543,14,2881.5,7.9,both,3,social,0
04544,4,2691.0,4.2,beauty,67,social,0
04548,5,5190.0,2.2,fashion,247,search,1
04549,8,5658.0,6.6,fashion,154,social,1
04551,11,4140.0,4.2,both,39,search,1
04553,0,2695.5,5.7,beauty,45,influencer,1
04554,13,5809.5,1.0,fashion,12,social,1
04555,3,2013.0,2.9,fashion,9,social,0
04556,8,1242.0,2.3,both,92,search,0
04557,12,813.0,3.9,beauty,54,crm,0
04559,14,2373.0,2.8,beauty,71,search,1
04560,14,5704.5,1.4,both,8,social,0
04561,5,2755.5,6.9,fashion,66,search,0
04562,13,5191.5,7.3,beauty,30,search,1
04563,13,4189.5,5.6,fashion,17,social,1
04565,3,847.5,2.8,fashion,69,social,0
04566,0,4062.0,4.7,fashion,80,influencer,1
04567,12,2400.0,7.3,fashion,59,social,1
04570,1,2143.5,4.8,both,87,social,0
04572,3,6315.0,7.6,beauty,51,influencer,1
04573,3,3370.5,4.6,both,3,crm,1
04574,10,1585.5,2.7,beauty,69,influencer,1
04575,13,3708.0,2.6,both,62,social,0
04577,6,1696.5,1.2,beauty,30,social,0
04578,12,924.0,1.7,beauty,173,social,0
04579,2,1305.0,8.8,beauty,17,social,0
04580,6,3855.0,1.3,beauty,76,social,1
04581,7,5109.0,4.0,fashion,4,social,1
04582,11,4291.5,6.5,fashion,8,social,1
04583,6,655.5,6.8,both,76,social,1
04586,8,945.0,4.3,fashion,34,search,1
04587,0,649.5,4.7,fashion,51,influencer,1
04588,9,2163.0,3.9,beauty,197,influencer,0
04589,5,1963.5,7.1,both,18,influencer,0
04590,3,2365.5,4.9,beauty,123,social,0
04591,0,3655.5,7.8,beauty,62,influencer,1
04592,1,1738.5,3.2,beauty,1,social,1
04593,9,3366.0,1.4,beauty,43,influencer,1
04594,3,2824.5,0.8,fashion,49,influencer,0
04595,0,2125.5,4.9,beauty,29,social,0
04596,14,624.0,5.5,beauty,15,social,1
04598,0,1231.5,1.0,both,23,influencer,1
04599,12,3298.5,6.8,beauty,62,crm,1
04600,8,1197.0,2.8,fashion,99,social,0
04602,2,1803.0,5.5,fashion,73,search,1
04603,11,3988.5,3.4,both,62,social,1
04605,0,2409.0,0.5,fashion,80,social,0
04607,5,385.5,0.1,beauty,128,search,1
04608,6,2664.0,5.4,both,58,social,1
04609,6,2110.5,1.8,beauty,259,influencer,0
04610,9,771.0,4.9,fashion,261,influencer,0
04611,10,3259.5,2.7,fashion,26,search,0
04612,3,2121.0,3.8,fashion,79,social,1
04613,4,3234.0,1.6,fashion,1,influencer,0
04615,5,6094.5,7.5,fashion,19,social,1
04617,13,2925.0,9.4,beauty,145,social,0
04618,14,1503.0,4.8,fashion,21,crm,0
04619,6,5509.5,8.6,both,245,social,1
04621,8,2293.5,7.7,beauty,53,social,1
04622,11,3133.5,3.7,both,59,social,1
04624,4,2845.5,1.3,beauty,6,search,1
04625,3,3237.0,6.8,fashion,14,social,1
04626,6,2707.5,2.6,both,13,search,1
04627,13,435.0,4.8,fashion,82,search,0
04628,2,2508.0,8.4,beauty,206,social,0
04629,3,4390.5,5.9,beauty,12,social,1
04630,14,4467.0,4.7,beauty,8,search,0
04631,8,2940.0,8.2,fashion,16,social,1
04632,4,5239.5,7.1,both,22,social,1
04635,6,430.5,0.4,beauty,2,social,1
04636,1,582.0,5.5,beauty,41,crm,0
04638,4,2971.5,0.4,fashion,117,social,0
04639,4,1833.0,5.4,fashion,26,influencer,0
04640,3,2359.5,4.9,fashion,32,search,1
04641,7,2592.0,1.1,beauty,15,social,1
04642,10,2175.0,7.9,both,208,social,0
04643,3,3025.5,3.2,beauty,46,influencer,1
04644,1,5067.0,7.3,fashion,63,search,1
04645,4,3627.0,5.4,fashion,13,influencer,0
04646,2,2307.0,2.9,beauty,0,social,1
04648,2,2313.0,7.5,fashion,9,search,1
04649,6,2149.5,7.3,fashion,173,search,1
04650,13,945.0,4.3,fashion,275,crm,0
04651,5,1660.5,7.6,fashion,12,search,0
04652,1,1333.5,4.5,fashion,11,influencer,0
04653,10,2418.0,6.0,beauty,289,social,0
04654,14,1867.5,6.9,both,88,search,0
04655,13,2334.0,1.3,both,17,search,1
04656,7,6523.5,7.3,beauty,14,social,1
04659,7,2938.5,0.9,both,63,social,0
04660,10,4711.5,4.7,fashion,3,social,1
04661,10,1674.0,8.9,beauty,36,search,0
04662,11,1699.5,5.6,fashion,30,influencer,1
04665,10,2545.5,1.5,beauty,0,social,0
04666,2,513.0,4.5,fashion,34,influencer,0
04667,1,4944.0,8.7,both,234,social,1
04668,2,1572.0,6.1,fashion,186,search,0
04670,7,4506.0,4.4,fashion,252,search,1
04671,3,3637.5,7.0,beauty,32,crm,1
04673,14,3118.5,0.4,fashion,16,social,1
04674,3,2376.0,2.9,both,13,social,1
04675,14,2989.5,2.5,beauty,203,social,0
04677,12,2091.0,0.4,fashion,11,influencer,0
04678,5,2221.5,4.1,fashion,24,crm,0
04679,9,3055.5,1.3,fashion,76,social,0
04683,7,2992.5,7.1,fashion,93,social,0
04684,5,3222.0,3.2,fashion,70,social,1
04685,1,2703.0,9.8,fashion,14,social,1
04687,11,2754.0,2.5,fashion,21,social,0
04688,1,3316.5,9.1,fashion,49,social,1
04689,9,1344.0,1.8,fashion,89,social,1
04690,6,3057.0,4.3,fashion,7,social,1
04691,14,2445.0,5.3,both,60,influencer,0
04692,10,2850.0,8.1,beauty,31,social,0
04693,9,766.5,0.4,beauty,98,influencer,0
04694,5,6385.5,4.9,both,294,social,0
04697,5,1965.0,4.8,beauty,65,influencer,0
04698,9,2085.0,6.0,both,112,search,1
04699,0,2950.5,2.6,fashion,1,influencer,1
04700,14,1833.0,3.0,both,11,influencer,1
04701,2,2101.5,1.4,beauty,154,search,0
04702,14,3963.0,3.4,fashion,60,social,0
04703,9,957.0,3.5,both,1,influencer,1
04705,0,778.5,2.6,fashion,2,social,1
04707,3,4432.5,3.8,beauty,73,social,1
04708,10,1075.5,4.6,beauty,72,social,0
04709,0,5004.0,0.6,fashion,10,social,0
04710,1,3591.0,3.1,both,137,social,0
04711,0,2337.0,4.9,beauty,180,social,0
04713,11,3660.0,5.3,fashion,120,search,0
04714,11,1582.5,0.1,fashion,49,search,1
04715,5,4467.0,1.8,beauty,44,social,1
04716,10,1123.5,3.2,both,75,crm,1
04717,3,1969.5,2.6,beauty,57,social,1
04718,7,1624.5,8.2,fashion,33,social,0
04720,4,694.5,3.4,fashion,43,search,0
04721,13,1026.0,5.5,beauty,42,search,1
04722,9,1791.0,0.3,beauty,49,social,1
04723,4,1503.0,3.1,fashion,36,social,0
04724,10,4678.5,7.2,beauty,291,influencer,0
04725,10,3819.0,6.7,both,49,influencer,1
04728,9,2325.0,1.2,fashion,2,search,1
04729,5,2193.0,7.3,beauty,70,influencer,0
04730,5,1165.5,5.1,beauty,23,social,0
04731,2,1998.0,7.9,beauty,28,social,0
04732,12,1326.0,4.7,fashion,99,search,1
04735,12,4329.0,3.3,beauty,14,search,1
04736,6,2991.0,6.1,beauty,102,social,0
04737,1,4389.0,7.2,fashion,34,influencer,0
04738,2,943.5,0.3,fashion,201,social,0
04739,5,2232.0,2.8,fashion,69,social,0
04740,9,4131.0,5.6,beauty,89,social,1
04741,8,3315.0,3.4,beauty,59,social,0
04742,12,4410.0,4.6,fashion,77,search,1
04743,8,3273.0,0.4,fashion,62,search,1
04744,7,3882.0,3.6,fashion,35,search,0
04746,8,4797.0,5.1,beauty,85,crm,1
04747,10,5146.5,1.1,beauty,291,search,0
04748,14,6565.5,9.1,fashion,270,social,1
04749,10,2980.5,8.7,beauty,60,search,0
04750,8,2736.0,9.0,fashion,202,influencer,0
04751,9,1930.5,5.6,fashion,27,social,1
04752,10,5689.5,2.6,beauty,37,social,0
04753,12,3075.0,3.9,fashion,77,social,1
04754,8,4342.5,0.7,beauty,50,search,1
04755,4,2640.0,3.6,fashion,11,social,1
04757,5,2566.5,0.5,beauty,43,crm,0
04760,12,834.0,8.5,fashion,204,social,0
04762,3,2268.0,6.8,beauty,76,search,1
04763,14,2227.5,2.5,beauty,181,social,1
04766,12,2187.0,2.4,fashion,15,influencer,0
04767,0,433.5,0.9,fashion,12,social,0
04768,11,1864.5,6.2,both,12,influencer,1
04770,2,3177.0,3.6,beauty,147,social,1
04771,6,4134.0,2.7,beauty,15,social,1
04772,14,3279.0,2.6,fashion,2,influencer,1
04774,6,4162.5,4.8,both,4,influencer,1
04775,9,2506.5,3.5,fashion,197,social,1
04776,13,2755.5,6.8,beauty,73,social,0
04777,9,5569.5,5.5,both,225,social,0
04778,14,916.5,8.5,beauty,77,influencer,1
04779,12,1813.5,6.5,fashion,34,social,0
04783,12,1873.5,2.6,fashion,175,social,0
04784,14,1798.5,8.5,fashion,83,influencer,1
04786,14,5839.5,1.8,fashion,274,social,0
04787,11,2404.5,8.4,beauty,31,search,1
04788,8,2578.5,8.1,fashion,56,social,1
04790,2,4938.0,6.3,fashion,228,crm,0
04791,2,666.0,4.3,beauty,13,crm,1
04792,4,2031.0,5.3,both,18,social,1
04793,12,2272.5,2.2,fashion,8,influencer,1
04794,12,1945.5,4.8,both,35,social,0
04795,6,1068.0,0.4,both,49,influencer,1
04796,2,1570.5,3.0,beauty,71,influencer,1
04797,3,4305.0,7.2,fashion,23,social,1
04798,13,2859.0,0.8,beauty,17,influencer,0
04799,1,4530.0,7.7,beauty,18,social,0
04800,8,603.0,8.2,fashion,6,social,0
04802,8,5410.5,3.7,beauty,55,social,1
04803,12,2277.0,6.9,beauty,45,social,1
04804,10,4137.0,3.5,both,150,crm,0
04805,1,1165.5,1.1,beauty,176,search,0
04806,4,2170.5,1.8,fashion,26,influencer,0
04808,7,3085.5,8.2,fashion,15,search,1
04810,13,4071.0,7.6,fashion,70,influencer,0
04812,9,3267.0,3.9,beauty,36,social,1
04815,9,2775.0,9.1,fashion,180,social,0
04816,4,1638.0,1.2,fashion,79,social,0
04817,6,1329.0,5.8,both,32,social,1
04818,8,4774.5,7.6,beauty,145,influencer,1
04820,11,2371.5,3.9,beauty,42,influencer,1
04821,14,4671.0,6.2,fashion,73,search,0
04822,14,2197.5,7.7,beauty,2,social,0
04823,10,1152.0,8.0,fashion,38,social,1
04824,5,3550.5,1.5,fashion,22,influencer,0
04825,1,1648.5,7.2,both,52,search,0
04826,5,1957.5,4.6,both,151,search,0
04827,0,616.5,4.5,fashion,36,influencer,0
04829,10,2464.5,4.8,both,3,social,1
04830,12,3802.5,8.4,fashion,59,search,1
04831,1,2806.5,2.5,beauty,89,search,0
04833,2,549.0,2.1,fashion,227,social,0
04835,9,4867.5,2.5,fashion,1,social,1
04839,12,3999.0,4.4,both,124,crm,0
04841,12,766.5,5.5,beauty,0,social,0
04842,12,2184.0,9.2,beauty,23,social,0
04843,4,3660.0,8.2,fashion,83,social,0
04845,3,3444.0,0.8,beauty,299,social,0
04848,10,4149.0,7.5,fashion,29,search,1
04850,0,4278.0,7.4,fashion,4,social,1
04852,2,730.5,8.7,beauty,24,social,0
04853,12,670.5,5.6,beauty,71,search,1
04855,14,2037.0,4.8,both,52,search,0
04856,5,906.0,4.7,beauty,43,search,0
04857,14,2737.5,5.5,fashion,118,search,1
04858,5,2980.5,4.9,fashion,46,search,1
04860,12,2569.5,3.8,fashion,54,social,0
04862,3,915.0,1.3,fashion,23,social,0
04863,4,1777.5,4.2,beauty,46,influencer,0
04864,2,885.0,0.4,both,4,search,0
04865,2,5499.0,3.7,beauty,72,influencer,1
04866,8,3573.0,8.6,beauty,74,influencer,1
04869,8,2116.5,8.5,both,15,social,1
04871,5,1017.0,4.6,beauty,48,influencer,0
04872,8,2736.0,7.9,fashion,173,social,0
04873,13,4387.5,4.8,both,72,social,0
04874,10,786.0,4.8,beauty,6,social,1
04875,6,2095.5,4.6,beauty,31,social,1
04876,10,5529.0,2.7,fashion,9,social,1
04877,9,3292.5,5.2,both,3,social,1
04878,9,4729.5,0.5,both,57,social,1
04879,6,4335.0,3.0,fashion,11,social,1
04880,4,3081.0,8.3,both,49,social,1
04881,6,1879.5,5.1,beauty,45,crm,0
04882,9,5638.5,5.5,fashion,7,social,0
04883,3,1318.5,7.7,beauty,221,search,0
04884,10,1305.0,0.1,both,63,search,0
04885,10,2751.0,4.8,both,0,social,0
04886,5,2934.0,4.9,beauty,118,search,0
04887,1,997.5,0.7,both,93,influencer,0
04888,13,3661.5,0.0,fashion,102,influencer,1
04889,9,2410.5,7.5,beauty,178,social,0
04890,2,1146.0,8.1,fashion,24,influencer,0
04892,12,1959.0,4.6,both,51,search,0
04893,9,2922.0,4.5,fashion,13,social,1
04894,1,4513.5,2.2,beauty,59,search,1
04896,4,1948.5,0.9,both,5,search,1
04897,12,487.5,7.4,fashion,58,social,0
04898,12,1272.0,0.3,fashion,30,social,1
04900,2,1666.5,7.5,fashion,11,crm,1
04901,14,1389.0,1.9,fashion,99,social,1
04903,4,864.0,6.5,fashion,262,search,0
04904,4,3625.5,2.1,beauty,82,search,1
04905,10,5460.0,0.8,both,218,social,0
04907,9,774.0,5.6,fashion,74,search,1
04909,11,5023.5,3.7,fashion,9,social,0
04910,12,1369.5,4.4,both,0,social,0
04911,7,4539.0,8.9,beauty,102,social,1
04912,5,5388.0,1.4,both,78,search,1
04914,1,2007.0,4.7,fashion,9,social,1
04916,1,2916.0,4.3,both,7,social,1
04917,5,2548.5,3.8,beauty,255,social,0
04919,0,4926.0,4.6,fashion,71,search,0
04921,0,2293.5,3.9,fashion,0,social,1
04922,3,4587.0,6.1,both,99,search,0
04925,8,5860.5,8.3,both,6,social,1
04926,10,3720.0,2.0,fashion,84,search,1
04927,11,1668.0,8.4,fashion,31,social,1
04928,10,675.0,4.0,beauty,19,social,0
04930,5,2074.5,3.9,fashion,29,social,1
04932,7,3168.0,6.0,both,77,social,1
04933,13,946.5,4.4,fashion,2,social,0
04934,1,1383.0,3.5,fashion,18,search,0
04935,13,4044.0,4.2,both,9,social,1
04936,14,612.0,4.8,beauty,187,search,0
04937,5,5061.0,7.1,fashion,0,social,0
04938,3,727.5,9.1,fashion,203,crm,1
04939,6,4315.5,6.8,fashion,9,crm,0
04941,13,3126.0,5.0,fashion,6,search,0
04942,5,2872.5,6.3,fashion,9,social,1
04943,12,3283.5,7.7,beauty,147,crm,1
04944,12,2518.5,5.5,beauty,84,social,0
04945,0,2148.0,1.3,fashion,23,social,0
04946,14,2470.5,7.5,fashion,7,social,0
04947,7,4029.0,4.7,fashion,11,social,1
04948,10,2715.0,6.0,beauty,1,social,1
04949,0,2953.5,1.9,beauty,50,search,0
04951,1,2679.0,5.0,fashion,54,social,1
04952,10,2383.5,5.6,fashion,158,influencer,0
04954,5,1069.5,0.4,fashion,78,social,1
04957,13,2695.5,2.9,fashion,31,influencer,1
04958,1,2499.0,0.1,beauty,10,influencer,1
04959,4,2677.5,5.8,beauty,51,social,0
04960,0,466.5,7.1,beauty,24,search,0
04963,13,1333.5,7.6,both,8,social,0
04965,5,2010.0,6.6,fashion,3,social,1
04966,10,3688.5,6.6,beauty,69,social,1
04967,7,2475.0,2.9,both,267,search,1
04969,12,4027.5,7.9,fashion,100,social,0
04970,7,1977.0,8.6,fashion,45,social,1
04971,11,4689.0,8.9,beauty,78,social,1
04972,13,1030.5,6.8,beauty,65,social,1
04973,14,2982.0,8.9,beauty,152,search,0
04974,13,4501.5,8.7,both,86,search,0
04976,2,2541.0,5.5,fashion,62,social,0
04977,12,4885.5,4.8,fashion,209,social,1
04978,13,2430.0,4.5,both,82,social,0
04979,14,853.5,5.8,beauty,174,influencer,1
04980,11,1180.5,3.4,fashion,6,search,1
04981,13,3516.0,3.0,beauty,27,crm,1
04982,10,5580.0,5.7,fashion,7,influencer,1
04983,3,3475.5,3.7,both,1,influencer,1
04984,0,852.0,2.6,beauty,191,search,1
04985,8,3616.5,0.4,both,82,search,0
04987,9,2119.5,4.6,beauty,89,influencer,1
04988,9,4014.0,4.4,beauty,19,social,1
04989,1,2119.5,4.9,beauty,88,social,1
04990,9,2580.0,7.7,beauty,99,social,1
04992,7,1653.0,1.5,fashion,18,search,0
04993,13,511.5,2.3,beauty,74,social,1
04994,3,1738.5,2.7,fashion,15,social,0
04995,10,1068.0,6.0,beauty,50,search,0
04996,10,2262.0,6.9,both,21,social,1
04997,14,1974.0,3.5,beauty,81,search,1
04998,9,6081.0,3.6,fashion,31,influencer,1
04999,0,3976.5,1.9,both,50,social,1
05000,4,1111.5,3.7,fashion,61,crm,0
05001,9,1233.0,8.1,both,271,crm,0
05003,5,5430.0,2.7,both,114,search,1
05006,12,5899.5,7.6,beauty,14,social,0
05008,11,4791.0,4.1,fashion,10,search,1
05009,4,1129.5,0.6,fashion,184,search,0
05011,6,1879.5,3.3,beauty,5,search,0
05012,3,4095.0,3.5,fashion,85,influencer,1
05013,9,2605.5,4.1,beauty,9,search,0
05014,6,2811.0,0.9,both,34,crm,0
05015,7,862.5,2.6,fashion,204,search,0
05016,1,2097.0,3.3,fashion,29,search,0
05018,0,2208.0,4.2,fashion,198,social,1
05020,9,2353.5,7.2,both,3,influencer,1
05021,9,2358.0,3.2,both,47,crm,0
05022,0,2661.0,1.1,both,33,influencer,1
05023,12,5095.5,6.2,both,9,social,1
05024,0,5841.0,1.1,beauty,13,search,1
05026,3,1467.0,4.5,beauty,75,search,1
05029,14,2622.0,6.1,beauty,1,social,1
05031,12,4486.5,5.0,fashion,73,social,1
05033,1,3085.5,4.8,fashion,30,social,1
05034,11,5641.5,4.8,fashion,49,social,1
05035,4,3621.0,4.9,both,67,social,0
05036,14,4816.5,3.0,beauty,150,social,1
05037,9,1392.0,0.1,fashion,27,social,1
05038,0,2467.5,5.9,beauty,4,search,0
05040,14,1713.0,0.3,fashion,119,social,1
05041,10,3466.5,5.2,beauty,68,search,0
05043,10,5197.5,4.9,fashion,64,crm,1
05044,7,1852.5,3.0,fashion,9,influencer,1
05045,6,3085.5,3.4,beauty,74,social,1
05047,14,4504.5,7.7,fashion,7,social,1
05048,14,2839.5,6.0,fashion,80,social,1
05049,2,1833.0,4.3,fashion,3,influencer,1
05051,7,831.0,6.7,fashion,36,influencer,0
05052,8,1372.5,4.0,fashion,81,social,1
05053,9,690.0,2.2,both,3,influencer,1
05056,0,492.0,7.3,fashion,26,social,0
05057,1,946.5,5.2,beauty,271,social,0
05058,12,2476.5,5.0,fashion,84,social,1
05059,9,2710.5,3.1,beauty,23,crm,1
05060,9,1365.0,4.4,both,47,social,1
05061,9,1980.0,9.1,fashion,33,social,0
05062,8,1359.0,0.9,beauty,20,social,1
05065,1,1633.5,4.7,fashion,5,search,0
05066,7,4885.5,0.0,beauty,149,crm,0
05067,4,2356.5,2.0,both,81,social,0
05068,4,1006.5,4.4,both,42,influencer,0
05069,10,3457.5,7.5,fashion,246,search,1
05071,7,2959.5,4.6,beauty,68,social,1
05072,7,1657.5,2.7,fashion,14,social,0
05073,8,2935.5,2.2,fashion,10,social,1
05074,9,4917.0,1.9,beauty,11,social,0
05075,10,1236.0,0.2,both,74,search,1
05076,2,4740.0,4.5,beauty,95,search,1
05077,8,3334.5,2.5,beauty,192,social,0
05078,13,2562.0,6.9,beauty,18,social,0
05079,10,727.5,6.7,both,206,crm,0
05080,2,1564.5,4.0,both,26,social,1
05081,0,3496.5,5.3,beauty,51,influencer,0
05082,11,2175.0,3.5,fashion,15,social,1
05083,10,2431.5,7.4,both,65,influencer,1
05085,6,2952.0,4.2,fashion,60,search,0
05087,8,397.5,3.9,both,83,social,0
05088,0,2691.0,4.4,both,58,social,1
05090,14,2376.0,2.4,both,25,crm,0
05092,11,1770.0,8.9,beauty,98,crm,0
05094,13,3436.5,4.8,fashion,14,social,0
05095,12,2473.5,7.2,both,132,influencer,1
05096,7,774.0,1.1,fashion,42,social,1
05097,14,705.0,4.0,both,47,search,0
05098,12,1023.0,7.6,fashion,56,search,1
05100,11,1440.0,1.1,both,28,search,0
05102,10,1633.5,2.8,fashion,8,social,0
05103,9,5353.5,4.2,beauty,32,social,0
05105,14,3352.5,1.9,beauty,17,social,1
05107,7,2817.0,1.9,beauty,158,social,0
05108,6,4104.0,0.2,fashion,56,social,0
05110,14,1950.0,1.3,both,193,social,0
05111,6,3714.0,7.3,beauty,43,influencer,0
05112,9,3841.5,1.8,both,251,crm,0
05113,7,4048.5,0.8,beauty,71,social,1
05114,4,4401.0,0.5,fashion,20,social,1
05116,4,1686.0,4.8,both,7,social,1
05117,13,4857.0,3.3,fashion,5,search,1
05118,13,1953.0,7.7,both,37,social,1
05119,10,5613.0,2.6,both,6,social,1
05121,12,5731.5,2.5,fashion,74,social,1
05123,12,951.0,0.8,both,3,search,1
05124,5,3844.5,2.5,beauty,32,crm,0
05125,5,1873.5,4.5,fashion,39,search,1
05126,14,514.5,4.6,beauty,75,social,0
05127,4,1309.5,4.3,both,7,search,0
05128,4,2940.0,2.1,fashion,16,search,0
05129,13,3321.0,0.0,fashion,188,search,1
05130,2,927.0,7.4,both,62,search,0
05131,11,1672.5,0.8,beauty,16,social,1
05132,14,1317.0,8.5,both,24,social,0
05133,2,3951.0,0.2,beauty,1,influencer,1
05134,1,957.0,4.1,beauty,16,social,1
05136,7,1782.0,3.3,fashion,2,search,1
05138,2,3943.5,1.2,fashion,71,social,1
05139,4,2137.5,1.0,fashion,10,social,1
05141,9,2352.0,1.8,fashion,96,social,0
05142,14,2880.0,4.1,both,159,search,1
05143,4,975.0,8.7,beauty,3,social,0
05144,7,642.0,4.0,beauty,61,social,0
05148,11,1875.0,5.7,beauty,17,crm,1
05149,0,1119.0,1.2,fashion,12,crm,0
05150,7,2076.0,0.6,beauty,1,search,1
05151,3,4936.5,3.2,beauty,4,influencer,1
05152,4,1104.0,6.6,fashion,26,social,0
05153,0,3537.0,1.1,both,15,social,1
05154,2,2230.5,4.3,both,24,search,0
05155,14,1191.0,3.7,beauty,3,search,1
05158,1,2596.5,8.1,fashion,189,influencer,1
05159,12,3525.0,4.1,beauty,85,influencer,0
05163,14,4890.0,4.6,fashion,10,social,1
05164,7,2697.0,6.3,fashion,72,search,0
05165,2,2296.5,2.5,both,17,crm,0
05166,0,459.0,0.1,fashion,59,social,1
05167,13,1269.0,9.5,beauty,273,search,0
05169,1,927.0,6.5,fashion,1,crm,1
05170,2,1500.0,7.1,both,147,social,1
05171,5,1900.5,3.3,beauty,5,social,1
05172,13,4318.5,4.0,both,5,social,1
05174,8,2865.0,7.3,beauty,9,influencer,0
05176,0,1467.0,4.6,beauty,7,influencer,0
05177,6,3163.5,1.1,both,0,influencer,0
05178,9,4218.0,1.0,beauty,78,social,0
05179,7,517.5,7.5,fashion,40,crm,0
05180,8,4489.5,7.5,beauty,264,influencer,1
05181,7,769.5,6.1,fashion,31,influencer,1
05182,4,784.5,8.5,fashion,2,social,0
05184,14,4786.5,2.7,both,10,search,0
05185,0,3373.5,8.8,both,78,influencer,1
05187,14,3417.0,5.1,fashion,14,search,0
05189,6,3484.5,7.6,beauty,171,search,1
05190,4,1372.5,0.5,beauty,40,search,1
05191,9,1042.5,3.2,fashion,86,social,1
05192,2,2190.0,8.5,fashion,54,search,0
05193,8,978.0,6.1,beauty,78,social,0
05194,3,961.5,5.9,both,233,social,0
05195,13,4875.0,5.1,beauty,170,search,0
05196,5,4528.5,6.6,beauty,55,social,0
05197,10,2238.0,5.3,both,130,crm,0
05198,3,2736.0,0.5,fashion,17,social,0
05199,8,1510.5,7.7,both,89,influencer,0
05200,3,3244.5,5.6,beauty,50,influencer,1
05201,13,4092.0,2.7,fashion,73,social,1
05202,7,2760.0,3.0,fashion,257,search,1
05204,11,4017.0,4.0,fashion,63,search,1
05206,2,3616.5,0.5,fashion,8,social,0
05207,7,3228.0,9.5,beauty,122,social,1
05208,14,3598.5,8.1,beauty,70,social,0
05210,2,3186.0,4.3,beauty,20,social,0
05211,13,2940.0,8.6,beauty,275,influencer,0
05212,10,3307.5,6.6,beauty,31,influencer,0
05213,4,4042.5,0.4,both,30,search,0
05214,0,1513.5,8.1,beauty,23,influencer,1
05215,5,1675.5,6.3,beauty,5,social,1
05216,14,1275.0,1.0,beauty,84,social,0
05217,10,1960.5,4.4,beauty,188,social,0
05218,1,4039.5,1.5,beauty,5,search,1
05219,11,2112.0,1.4,both,45,social,0
05220,2,2046.0,5.7,fashion,12,social,0
05222,0,2239.5,7.7,fashion,83,crm,1
05223,10,961.5,7.0,beauty,258,social,1
05224,5,3202.5,9.2,beauty,85,search,1
05225,4,544.5,4.8,fashion,299,influencer,0
05228,14,6546.0,8.8,fashion,3,influencer,1
05229,10,2460.0,6.3,fashion,8,search,0
05230,7,615.0,1.5,both,55,influencer,0
05231,8,2001.0,4.3,fashion,32,social,1
05235,11,931.5,4.1,both,76,influencer,0
05237,5,576.0,1.2,fashion,31,social,0
05238,13,3888.0,3.2,beauty,31,social,0
05241,7,1059.0,2.7,beauty,7,search,1
05242,11,3205.5,0.0,fashion,36,social,1
05243,4,1353.0,9.0,fashion,177,social,1
05244,9,2520.0,7.1,fashion,26,search,0
05245,9,900.0,2.4,fashion,74,search,0
05247,7,2740.5,3.4,beauty,80,search,0
05248,11,856.5,6.1,fashion,14,social,0
05250,6,2772.0,3.7,fashion,43,social,1
05251,0,3582.0,4.7,fashion,142,social,1
05252,3,3436.5,2.2,both,117,influencer,0
05255,13,1102.5,1.7,beauty,16,social,1
05257,12,2058.0,5.7,both,5,social,1
05260,14,1071.0,5.6,beauty,67,search,0
05261,1,4429.5,4.9,beauty,78,influencer,0
05263,1,2766.0,8.2,fashion,1,crm,1
05264,1,1308.0,4.8,beauty,2,social,0
05265,9,1552.5,0.1,fashion,57,social,1
05267,11,2157.0,5.0,beauty,26,social,1
05269,6,2175.0,3.1,fashion,0,search,1
05270,0,2730.0,0.9,fashion,13,social,1
05272,10,5446.5,2.7,beauty,74,influencer,0
05273,10,2602.5,3.6,beauty,60,crm,0
05274,7,1926.0,5.4,beauty,22,social,0
05276,8,4746.0,9.4,both,94,social,1
05277,3,1873.5,4.8,beauty,146,social,1
05278,4,3325.5,7.4,fashion,71,social,0
05279,10,1114.5,5.5,fashion,240,search,0
05280,4,1924.5,8.4,fashion,209,social,1
05281,10,4236.0,7.4,both,162,search,1
05282,8,5544.0,4.3,beauty,34,social,0
05283,14,2653.5,4.3,both,68,search,1
05284,7,2565.0,1.4,beauty,64,search,1
05285,12,2757.0,0.1,fashion,6,social,1
05286,9,6259.5,8.5,fashion,187,influencer,0
05287,5,3409.5,6.7,beauty,137,social,1
05288,14,2229.0,6.2,beauty,59,influencer,1
05290,9,976.5,8.8,beauty,30,search,1
05291,10,2253.0,4.2,both,34,social,1
05292,14,2430.0,4.1,fashion,205,search,1
05293,9,2911.5,5.0,beauty,5,crm,1
05294,0,5154.0,1.7,fashion,38,social,1
05295,14,517.5,1.5,fashion,2,search,0
05299,3,3144.0,1.7,fashion,85,search,0
05300,3,3729.0,5.2,fashion,157,influencer,0
05302,14,772.5,3.9,fashion,88,search,1
05303,7,1926.0,1.8,beauty,31,influencer,0
05304,10,2251.5,2.2,fashion,74,social,0
05305,4,1059.0,4.8,beauty,56,search,0
05307,7,808.5,0.8,beauty,10,search,1
05309,4,4719.0,6.2,fashion,7,search,0
05310,7,2994.0,5.6,fashion,83,social,1
05311,0,6664.5,3.6,both,126,social,1
05312,2,4933.5,3.6,beauty,81,social,1
05313,6,5158.5,1.0,fashion,247,social,0
05314,11,3507.0,0.2,both,6,social,0
05315,0,3103.5,1.5,fashion,79,social,1
05317,4,5853.0,4.2,both,228,social,0
05318,5,1390.5,5.9,both,0,social,1
05319,13,852.0,4.9,both,66,social,0
05321,12,430.5,5.9,both,67,crm,1
05322,0,4423.5,6.6,fashion,60,social,0
05323,6,3286.5,7.5,fashion,58,social,0
05324,8,1114.5,2.5,both,29,social,0
05325,8,4044.0,3.9,both,3,influencer,1
05326,2,4888.5,0.8,beauty,43,social,1
05328,14,2914.5,4.7,fashion,4,social,0
05329,13,4549.5,3.7,fashion,45,social,1
05330,0,1314.0,7.1,both,15,influencer,1
05331,12,777.0,4.0,beauty,123,influencer,0
05333,13,1761.0,1.3,beauty,36,search,1
05334,4,913.5,3.6,beauty,10,search,1
05335,6,5115.0,4.6,beauty,16,search,1
05336,4,1341.0,6.1,both,7,search,0
05337,7,3387.0,1.6,fashion,224,search,1
05338,6,1236.0,9.1,beauty,35,search,0
05339,0,3238.5,4.4,fashion,7,social,1
05340,11,4129.5,4.6,both,68,search,1
05341,1,2914.5,4.6,fashion,161,influencer,1
05342,6,1860.0,4.1,fashion,3,social,0
05343,2,2028.0,8.6,beauty,13,social,0
05344,1,2940.0,3.3,both,38,social,1
05345,10,1764.0,2.9,both,102,search,0
05347,13,2386.5,8.6,both,79,crm,1
05348,8,4666.5,3.6,fashion,86,social,1
05349,11,513.0,4.7,both,18,influencer,1
05350,9,2367.0,5.0,fashion,39,social,0
05353,7,1740.0,4.7,beauty,0,search,1
05354,2,1252.5,8.4,both,15,search,0
05355,10,1782.0,3.1,both,122,influencer,1
05356,9,2202.0,7.1,both,140,social,1
05359,11,2380.5,6.1,fashion,38,influencer,0
05360,1,3616.5,3.5,fashion,0,social,1
05363,11,3234.0,6.1,fashion,201,social,0
05364,6,1221.0,7.9,beauty,78,search,0
05365,8,3330.0,3.3,fashion,41,social,1
05366,12,2532.0,1.7,fashion,0,social,0
05367,6,3336.0,2.4,beauty,65,social,1
05369,6,3561.0,7.5,both,156,crm,0
05371,1,4744.5,2.1,beauty,76,social,0
05372,13,5074.5,4.8,fashion,7,crm,1
05373,4,900.0,3.5,beauty,12,search,0
05374,12,1335.0,0.0,beauty,71,search,1
05375,12,5395.5,4.4,beauty,9,search,1
05378,0,1545.0,7.5,fashion,198,social,0
05379,11,742.5,2.1,beauty,6,social,1
05380,9,2002.5,8.0,beauty,38,search,1
05381,14,2154.0,4.5,fashion,81,influencer,1
05382,6,1240.5,0.1,fashion,183,search,0
05383,4,1282.5,5.7,beauty,35,social,1
05384,12,3676.5,3.7,beauty,11,influencer,0
05385,4,1912.5,4.9,beauty,27,social,0
05386,7,1995.0,4.4,beauty,3,social,1
05387,8,3858.0,5.7,beauty,84,influencer,0
05389,0,1692.0,4.1,fashion,3,social,0
05391,3,5281.5,4.3,fashion,287,social,1
05392,14,850.5,6.4,both,217,influencer,0
05393,10,1086.0,4.6,fashion,5,influencer,0
05394,1,2887.5,5.5,fashion,119,social,0
05395,13,2434.5,8.5,beauty,16,search,0
05397,8,2278.5,5.5,beauty,85,social,0
05398,0,2520.0,5.4,fashion,0,social,0
05399,2,424.5,2.6,fashion,42,influencer,1
05400,9,4441.5,4.5,beauty,86,search,0
05401,7,1749.0,1.6,both,5,crm,1
05402,1,6196.5,4.0,beauty,82,social,1
05403,1,747.0,0.8,beauty,51,social,1
05404,1,1938.0,3.7,both,7,influencer,1
05405,12,1594.5,7.7,fashion,227,social,0
05406,4,6378.0,4.7,fashion,64,search,1
05407,13,528.0,3.6,beauty,71,social,0
05408,8,2917.5,8.5,fashion,0,social,0
05409,6,4933.5,2.6,both,16,influencer,1
05410,12,4749.0,1.1,fashion,5,social,1
05411,6,2326.5,0.7,fashion,7,social,0
05414,1,1611.0,8.0,fashion,0,search,0
05415,4,4263.0,7.9,fashion,21,search,0
05416,11,5347.5,4.0,fashion,57,social,0
05417,13,3735.0,7.9,beauty,73,social,1
05418,6,1510.5,9.0,beauty,3,search,0
05419,6,5109.0,4.2,fashion,157,social,1
05420,8,2284.5,2.5,both,94,social,1
05421,2,1939.5,3.3,both,13,social,1
05422,13,1563.0,4.4,both,5,social,1
05424,8,4077.0,4.1,fashion,16,search,1
05425,0,2109.0,3.2,both,77,influencer,0
05426,7,1266.0,8.2,both,57,search,1
05428,14,1251.0,3.3,beauty,15,influencer,1
05429,13,3459.0,4.3,fashion,9,social,1
05430,4,2913.0,4.9,beauty,1,social,0
05431,7,1821.0,4.6,both,39,search,1
05432,6,5569.5,4.9,both,54,social,0
05433,8,2610.0,8.4,both,13,social,0
05434,1,1866.0,8.3,beauty,60,social,0
05435,8,3597.0,4.7,both,230,influencer,0
05436,9,1270.5,8.1,beauty,67,social,0
05437,4,4530.0,8.1,beauty,85,influencer,0
05438,4,1303.5,1.4,fashion,49,social,0
05439,0,1962.0,1.6,fashion,18,search,0
05440,5,1711.5,7.9,both,6,social,1
05441,9,4261.5,4.3,beauty,24,search,0
05442,9,2121.0,5.0,beauty,23,social,1
05444,9,4717.5,6.4,fashion,185,social,1
05445,2,1417.5,1.5,beauty,172,social,0
05447,9,2332.5,1.6,both,1,influencer,1
05448,2,2497.5,4.3,fashion,1,influencer,0
05449,2,1003.5,3.7,beauty,45,influencer,0
05452,8,1668.0,2.2,beauty,194,social,1
05453,12,4123.5,4.7,fashion,24,social,1
05455,11,2428.5,2.7,both,0,social,1
05458,7,1779.0,7.1,beauty,55,influencer,0
05460,8,4936.5,1.6,beauty,41,search,0
05461,0,2629.5,0.4,both,70,search,0
05462,10,634.5,5.2,fashion,41,influencer,0
05464,8,3730.5,0.5,beauty,16,social,1
05465,6,553.5,5.4,beauty,80,social,1
05466,9,658.5,4.0,both,191,search,1
05469,13,2784.0,5.9,fashion,269,social,0
05470,0,2217.0,0.1,beauty,125,crm,1
05471,4,1134.0,9.6,beauty,75,social,0
05472,14,5320.5,4.7,beauty,264,influencer,1
05474,7,3051.0,5.6,beauty,20,influencer,1
05476,14,3720.0,9.1,beauty,6,search,1
05477,11,4231.5,0.5,beauty,19,influencer,1
05478,3,2163.0,6.4,beauty,18,social,1
05479,14,648.0,4.2,fashion,45,influencer,0
05480,2,1782.0,6.3,fashion,49,search,0
05481,13,3705.0,1.1,fashion,10,social,1
05483,2,3232.5,3.7,both,39,search,0
05484,5,4698.0,7.0,beauty,3,social,1
05485,0,1755.0,1.8,both,88,social,0
05486,1,1611.0,5.1,both,38,search,1
05487,7,2548.5,0.0,both,6,crm,1
05488,2,5746.5,8.9,beauty,85,social,0
05489,3,5872.5,1.6,beauty,140,social,1
05490,11,4371.0,0.7,fashion,4,search,1
05491,0,1461.0,5.9,beauty,6,influencer,0
05492,14,583.5,4.6,beauty,162,search,0
05494,0,4588.5,0.0,beauty,35,social,0
05496,9,6525.0,4.9,fashion,123,search,1
05497,4,1639.5,2.1,both,35,influencer,0
05500,8,840.0,3.4,fashion,41,influencer,0
05501,6,3510.0,2.4,both,9,crm,0
05502,10,2121.0,8.3,fashion,83,influencer,1
05504,8,1999.5,0.2,beauty,251,social,0
05506,7,1857.0,5.7,fashion,34,social,0
05507,2,1705.5,1.8,beauty,16,search,1
05508,6,889.5,1.7,both,5,search,0
05510,13,1449.0,2.4,fashion,8,social,0
05512,11,2253.0,8.4,fashion,248,social,1
05513,7,3892.5,1.6,fashion,68,social,0
05514,3,3447.0,7.5,beauty,86,crm,1
05517,1,1785.0,0.7,both,50,social,0
05518,6,2248.5,5.9,both,7,social,0
05520,4,889.5,5.6,fashion,49,influencer,0
05521,3,1920.0,6.6,fashion,111,search,0
05522,1,3724.5,0.5,beauty,1,social,0
05524,1,4911.0,4.8,beauty,47,social,0
05526,8,2266.5,4.5,beauty,80,crm,0
05527,1,3136.5,4.1,fashion,48,influencer,0
05528,9,2398.5,4.5,fashion,187,social,0
05529,2,2217.0,4.2,both,124,social,1
05530,2,507.0,6.6,beauty,4,influencer,0
05531,1,4938.0,5.5,beauty,79,social,0
05532,9,5760.0,4.4,beauty,36,social,1
05535,10,3588.0,5.1,both,44,social,1
05537,10,583.5,1.1,fashion,77,search,0
05540,4,2943.0,8.2,fashion,22,search,1
05541,11,2749.5,3.6,fashion,36,social,0
05542,14,5046.0,3.7,fashion,2,search,1
05543,6,3570.0,4.8,fashion,38,crm,1
05544,0,2206.5,7.4,beauty,73,search,1
05547,14,5649.0,4.4,beauty,61,crm,0
05550,1,6952.5,7.8,beauty,43,social,0
05551,0,4048.5,1.1,beauty,62,social,1
05552,0,2263.5,0.2,fashion,157,search,0
05553,13,1792.5,0.2,fashion,62,search,0
05554,13,2329.5,3.5,fashion,23,search,0
05555,9,669.0,2.9,beauty,25,influencer,0
05557,9,823.5,1.7,both,0,social,1
05559,11,2872.5,1.2,beauty,54,social,0
05560,2,1197.0,6.0,fashion,73,search,0
05561,0,2172.0,9.2,beauty,149,social,0
05562,2,5463.0,5.6,fashion,34,social,1
05563,0,2143.5,5.1,beauty,67,social,1
05564,2,1734.0,6.9,beauty,47,social,0
05565,3,5490.0,0.0,beauty,156,search,0
05566,10,2925.0,8.8,fashion,13,influencer,0
05567,12,2448.0,0.5,fashion,25,influencer,1
05568,10,1314.0,7.7,fashion,51,social,0
05569,13,5614.5,3.1,fashion,132,social,1
05570,13,1516.5,4.0,fashion,71,social,1
05571,7,4201.5,3.3,fashion,34,social,1
05572,2,1201.5,8.2,beauty,14,social,1
05573,2,3838.5,2.1,fashion,112,social,0
05574,12,6663.0,7.3,fashion,25,social,1
05575,8,1378.5,8.1,both,189,social,0
05576,10,5742.0,2.8,fashion,22,social,1
05577,8,973.5,5.8,fashion,16,social,1
05578,5,1587.0,1.0,both,52,influencer,1
05579,9,1587.0,5.3,both,40,social,0
05580,3,3061.5,1.8,beauty,78,crm,1
05581,9,2659.5,4.5,both,16,social,1
05582,4,3087.0,2.1,beauty,47,search,1
05583,12,4966.5,4.7,both,78,social,0
05584,8,4449.0,6.4,beauty,34,influencer,0
05585,0,5343.0,3.5,fashion,27,social,0
05586,6,1977.0,6.0,both,278,search,1
05587,14,2274.0,8.2,beauty,35,social,0
05588,10,816.0,3.4,both,26,search,0
05589,6,4002.0,3.5,fashion,32,influencer,1
05590,9,1278.0,3.5,beauty,179,influencer,0
05592,13,2827.5,4.0,both,233,influencer,0
05593,0,1195.5,3.6,fashion,14,crm,0
05597,6,1717.5,3.3,both,270,social,1
05598,3,2284.5,8.0,both,59,influencer,1
05599,8,4221.0,8.2,beauty,76,search,1
05600,11,1251.0,7.0,fashion,19,search,1
05602,2,3924.0,3.7,fashion,39,social,1
05603,1,5191.5,4.3,beauty,213,social,0
05605,3,3646.5,3.7,beauty,58,social,1
05606,6,3234.0,1.8,fashion,162,search,0
05608,8,2628.0,2.6,both,47,social,0
05609,11,2074.5,7.7,beauty,5,social,1
05610,8,2094.0,1.7,both,22,influencer,0
05611,9,1258.5,1.4,fashion,68,crm,0
05614,13,967.5,3.9,beauty,5,search,1
05615,14,924.0,1.2,beauty,21,search,0
05616,5,5620.5,7.2,beauty,268,social,0
05618,10,3774.0,0.9,fashion,247,social,0
05619,0,2227.5,6.2,beauty,78,social,1
05621,9,2776.5,5.4,both,182,social,0
05622,0,2473.5,4.5,fashion,1,influencer,1
05623,4,804.0,0.0,beauty,263,crm,0
05624,12,813.0,4.5,both,4,search,1
05625,3,1404.0,5.1,both,33,influencer,1
05626,7,603.0,6.3,beauty,25,social,1
05627,0,1990.5,3.9,both,238,social,1
05628,7,633.0,3.6,beauty,29,social,1
05630,7,1408.5,6.1,fashion,37,social,0
05631,0,3691.5,0.2,beauty,11,social,0
05632,8,1891.5,4.7,fashion,27,influencer,0
05634,8,4750.5,4.0,both,21,influencer,1
05635,5,3432.0,9.4,both,32,search,0
05636,0,2211.0,4.6,both,83,search,0
05637,6,2491.5,1.6,beauty,88,social,1
05638,6,2223.0,3.5,fashion,80,social,0
05639,8,1603.5,5.3,beauty,12,social,1
05640,0,2631.0,4.4,beauty,289,influencer,1
05641,13,4042.5,2.1,beauty,270,social,1
05642,14,1720.5,1.9,both,49,search,1
05644,13,1588.5,9.1,fashion,62,search,0
05645,11,2082.0,4.2,beauty,160,crm,1
05648,7,3505.5,8.8,both,262,crm,1
05649,6,2763.0,0.3,both,224,social,0
05651,5,4635.0,5.7,beauty,12,social,0
05652,0,3484.5,5.0,fashion,59,social,0
05653,10,1516.5,2.1,both,59,search,0
05654,9,3951.0,2.4,fashion,17,social,1
05655,10,4783.5,1.5,fashion,85,social,0
05657,11,1437.0,4.0,fashion,12,social,1
05660,4,2997.0,1.1,beauty,1,influencer,0
05661,4,1527.0,6.8,beauty,234,social,1
05663,12,1560.0,7.6,beauty,37,social,0
05665,2,2257.5,3.0,fashion,65,social,0
05666,3,3322.5,6.5,beauty,37,search,0
05668,7,4249.5,4.1,fashion,40,social,1
05670,5,2187.0,3.7,fashion,1,social,0
05671,9,2092.5,3.7,beauty,68,social,1
05672,1,2008.5,2.3,beauty,67,social,1
05674,7,4863.0,3.8,both,10,social,1
05675,7,4248.0,9.8,beauty,2,social,0
05677,4,1929.0,3.4,fashion,107,search,0
05678,4,1674.0,4.2,beauty,23,social,0
05680,2,2055.0,6.8,fashion,34,social,1
05681,12,1575.0,4.8,fashion,10,influencer,0
05682,10,5281.5,1.0,fashion,144,influencer,1
05685,14,2175.0,4.8,both,24,search,0
05686,5,1653.0,9.1,fashion,233,crm,0
05687,7,3190.5,4.5,fashion,36,social,0
05689,4,2980.5,7.0,fashion,21,social,0
05690,9,2965.5,5.6,both,80,search,0
05691,4,2736.0,5.5,both,27,search,1
05692,10,4419.0,8.4,fashion,140,social,0
05694,3,2269.5,9.0,both,46,social,0
05695,10,3007.5,1.7,both,93,social,0
05696,1,2425.5,0.3,both,23,social,1
05697,13,4753.5,3.3,beauty,162,social,1
05698,5,3315.0,3.7,both,3,influencer,0
05700,13,958.5,2.1,both,64,social,0
05701,10,2890.5,2.9,beauty,4,influencer,1
05703,9,2092.5,8.0,fashion,18,search,0
05704,2,2913.0,1.2,fashion,175,social,1
05705,7,1366.5,2.9,both,68,influencer,0
05706,5,3394.5,6.3,fashion,45,influencer,0
05708,4,1642.5,7.5,beauty,2,search,0
05709,5,4306.5,4.3,fashion,297,social,1
05710,8,609.0,3.0,beauty,89,crm,1
05712,9,5251.5,2.5,fashion,26,social,1
05713,6,2119.5,0.6,fashion,57,social,0
05714,12,2358.0,3.5,fashion,19,social,1
05715,9,1629.0,0.7,beauty,70,search,0
05716,11,2625.0,3.3,beauty,1,influencer,1
05717,9,5860.5,2.4,beauty,207,social,0
05720,5,726.0,7.0,fashion,2,search,1
05722,5,5445.0,5.0,both,17,crm,1
05723,13,1119.0,3.6,fashion,75,influencer,0
05724,3,6325.5,8.1,both,55,social,1
05725,9,4941.0,1.7,beauty,32,search,1
05726,5,2658.0,6.6,beauty,26,social,1
05728,6,1911.0,4.9,both,45,social,1
05730,13,3990.0,6.0,fashion,53,crm,1
05731,1,2583.0,8.5,beauty,12,influencer,0
05733,8,2217.0,2.6,fashion,101,influencer,0
05735,2,1231.5,1.1,fashion,244,search,0
05736,9,2830.5,5.9,fashion,76,crm,0
05737,9,1102.5,4.3,beauty,166,search,0
05739,9,1549.5,0.0,fashion,39,social,1
05740,9,3117.0,4.9,beauty,58,social,1
05741,13,4861.5,5.8,fashion,14,influencer,0
05742,4,2950.5,1.9,fashion,94,social,0
05743,8,2356.5,8.5,both,12,social,1
05744,5,1629.0,6.5,fashion,80,crm,1
05745,10,1771.5,7.7,beauty,78,social,0
05746,12,4251.0,7.4,fashion,296,social,1
05748,3,2191.5,0.0,beauty,27,social,1
05750,14,3997.5,5.2,both,135,social,0
05752,3,5697.0,9.5,both,217,social,0
05753,8,1527.0,3.0,fashion,33,search,1
05754,2,3358.5,4.6,fashion,66,social,1
05756,12,1320.0,5.3,beauty,195,social,1
05757,13,1743.0,3.6,fashion,24,social,1
05759,2,2947.5,8.0,both,298,social,1
05761,13,2772.0,4.9,beauty,61,search,0
05763,4,1204.5,0.1,beauty,106,social,0
05767,9,3766.5,8.2,both,0,social,1
05768,13,6070.5,2.0,fashion,60,social,1
05771,11,1185.0,7.3,beauty,2,social,1
05773,1,1480.5,2.7,beauty,4,social,0
05775,5,2013.0,7.5,fashion,72,crm,0
05776,4,2119.5,6.6,fashion,8,social,1
05777,2,2259.0,7.3,fashion,66,social,1
05778,4,4800.0,1.3,fashion,88,social,1
05779,14,3585.0,5.6,fashion,33,influencer,1
05780,9,4455.0,2.8,fashion,43,search,0
05782,2,2320.5,8.4,both,74,social,1
05784,14,1197.0,2.4,fashion,17,social,0
05785,6,2298.0,3.4,fashion,76,social,1
05787,12,910.5,5.5,both,18,search,0
05788,14,2596.5,3.3,beauty,269,search,0
05791,9,1975.5,3.4,beauty,55,social,1
05792,10,5302.5,3.5,beauty,92,social,1
05793,3,2019.0,4.1,beauty,64,social,0
05794,1,2385.0,6.8,both,10,search,1
05795,11,1590.0,1.0,fashion,51,social,0
05796,14,1321.5,3.4,both,87,search,0
05798,0,2583.0,0.4,beauty,42,social,0
05799,7,694.5,5.6,beauty,85,social,0
05800,3,2050.5,4.0,beauty,3,social,1
05801,8,774.0,2.2,beauty,200,search,0
05802,2,3016.5,7.2,fashion,31,social,0
05803,6,649.5,4.9,fashion,13,social,0
05804,14,1098.0,1.2,fashion,76,social,1
05805,2,1827.0,0.1,both,25,influencer,1
05806,14,3129.0,3.7,both,13,influencer,0
05807,9,2224.5,6.0,fashion,117,influencer,0
05808,11,1083.0,3.6,both,52,search,1
05810,1,2943.0,8.8,beauty,1,social,1
05811,2,2509.5,6.5,beauty,62,social,0
05812,7,753.0,5.2,fashion,87,social,0
05813,6,502.5,2.6,fashion,47,social,1
05814,10,2535.0,0.1,fashion,2,social,0
05815,2,3942.0,3.4,fashion,62,social,0
05817,12,3397.5,7.4,both,7,social,1
05818,8,3597.0,0.1,fashion,18,search,1
05820,1,2845.5,4.1,both,42,social,1
05821,14,2503.5,3.8,fashion,1,social,1
05822,6,2313.0,1.5,beauty,119,influencer,0
05824,7,2290.5,7.4,beauty,10,search,1
05825,14,2022.0,6.3,fashion,6,search,1
05826,4,1557.0,0.7,fashion,0,social,0
05830,4,1585.5,4.5,fashion,52,search,0
05831,2,3237.0,3.4,fashion,293,social,1
05833,8,2647.5,8.7,beauty,31,search,1
05835,8,1362.0,2.9,fashion,63,social,1
05838,9,1647.0,7.0,fashion,20,search,0
05839,5,5736.0,3.2,both,37,search,1
05840,10,1894.5,6.7,beauty,67,social,0
05841,5,1332.0,3.7,fashion,97,crm,0
05842,3,1854.0,2.0,fashion,41,social,0
05844,1,3069.0,7.6,fashion,17,search,1
05845,12,2427.0,8.1,fashion,65,influencer,0
05847,11,2875.5,4.6,beauty,60,social,0
05848,10,2241.0,4.2,both,10,social,1
05850,12,1396.5,2.5,fashion,51,search,1
05851,5,2334.0,2.9,fashion,74,influencer,0
05853,4,951.0,1.0,fashion,83,influencer,1
05854,10,2278.5,1.0,fashion,26,social,0
05856,4,3733.5,7.2,beauty,85,social,1
05857,9,1347.0,3.4,fashion,36,search,1
05858,14,1359.0,3.2,beauty,54,social,1
05859,10,1654.5,1.3,beauty,34,search,0
05860,7,2487.0,2.5,beauty,85,social,1
05861,1,897.0,4.2,both,41,crm,1
05862,11,6628.5,0.6,beauty,4,social,1
05863,13,1338.0,6.3,both,71,crm,0
05866,10,1365.0,1.5,both,2,search,1
05868,4,2700.0,8.2,beauty,1,crm,0
05869,14,2112.0,6.9,fashion,21,influencer,0
05870,5,3103.5,0.4,beauty,52,influencer,0
05871,13,660.0,4.6,both,88,social,1
05872,4,6061.5,3.6,fashion,18,social,1
05873,1,3204.0,5.4,fashion,94,crm,1
05876,2,3178.5,4.0,fashion,228,social,0
05877,13,1861.5,2.1,both,44,social,0
05878,6,612.0,1.3,beauty,0,influencer,0
05879,3,2130.0,7.3,both,1,social,0
05880,7,5653.5,2.4,beauty,24,social,0
05881,2,535.5,0.6,fashion,145,social,0
05882,6,1740.0,3.9,beauty,85,crm,0
05883,13,2521.5,5.5,beauty,9,social,1
05884,1,1107.0,3.1,beauty,36,social,1
05885,13,1362.0,3.1,fashion,131,crm,0
05886,7,2916.0,7.6,fashion,94,search,0
05889,2,1737.0,1.4,fashion,38,social,1
05890,12,1960.5,2.5,beauty,260,search,0
05891,5,3759.0,1.5,fashion,10,social,1
05892,1,2611.5,5.0,beauty,44,social,0
05893,6,2464.5,1.2,fashion,37,search,0
05894,12,2037.0,7.6,both,68,social,0
05895,3,3705.0,8.6,both,9,search,1
05896,5,675.0,5.7,both,79,search,1
05897,1,1222.5,1.5,beauty,45,social,0
05899,14,2533.5,1.9,fashion,9,social,0
05900,2,1356.0,4.9,both,192,social,1
05901,3,817.5,3.1,beauty,16,influencer,0
05902,0,1360.5,6.5,beauty,73,social,0
05903,12,508.5,3.6,beauty,5,search,0
05904,5,2397.0,7.5,fashion,168,social,1
05907,3,3072.0,0.4,fashion,281,influencer,0
05908,7,5035.5,3.3,both,6,social,1
05909,4,2335.5,5.0,fashion,80,social,1
05910,9,2697.0,7.2,beauty,21,search,0
05911,13,6271.5,4.5,fashion,63,social,0
05912,3,2565.0,7.7,both,61,influencer,0
05913,6,1203.0,5.1,beauty,84,influencer,0
05915,14,846.0,6.0,both,35,influencer,0
05916,9,2149.5,3.9,fashion,3,social,0
05917,7,2344.5,2.6,fashion,100,social,0
05918,1,1095.0,4.5,fashion,54,influencer,0
05920,0,1536.0,5.6,beauty,6,social,0
05922,1,763.5,6.2,both,11,search,1
05923,10,1035.0,4.9,fashion,1,search,1
05924,7,3396.0,3.3,both,34,search,1
05925,12,1999.5,4.9,both,6,social,1
05926,4,822.0,6.7,fashion,123,crm,0
05927,1,4258.5,1.3,beauty,104,social,0
05929,11,3055.5,4.3,both,36,social,1
05930,4,5271.0,5.9,both,71,social,0
05931,1,4726.5,5.1,fashion,62,social,0
05932,5,3919.5,5.4,both,3,social,1
05933,7,969.0,6.0,beauty,52,social,0
05935,5,966.0,1.2,fashion,18,social,0
05936,5,1192.5,2.9,fashion,232,social,1
05937,0,5574.0,3.8,beauty,6,social,0
05938,8,1786.5,4.2,fashion,41,influencer,0
05939,14,3745.5,2.0,fashion,67,social,1
05940,11,738.0,3.6,beauty,288,social,1
05941,7,2191.5,6.6,fashion,290,influencer,0
05942,11,706.5,2.2,both,13,influencer,0
05944,3,784.5,1.0,fashion,31,influencer,0
05945,6,906.0,4.5,both,14,social,0
05947,7,4695.0,4.9,fashion,82,search,1
05948,9,1129.5,3.9,both,28,influencer,1
05949,1,5428.5,8.9,beauty,7,social,0
05952,13,1365.0,6.6,beauty,89,crm,1
05953,3,3153.0,4.6,fashion,32,search,1
05954,10,1098.0,6.5,fashion,8,search,1
05955,12,744.0,5.0,fashion,26,social,1
05956,5,2329.5,5.3,beauty,244,influencer,0
05957,14,1911.0,5.0,beauty,44,search,0
05958,4,2244.0,8.0,fashion,18,influencer,1
05959,9,1507.5,4.8,beauty,12,influencer,1
05960,12,2857.5,6.5,beauty,87,social,1
05961,9,1542.0,7.8,beauty,83,influencer,0
05963,5,4842.0,6.2,beauty,77,influencer,0
05965,14,3052.5,8.8,both,9,social,1
05966,14,5293.5,8.4,beauty,274,social,0
05967,3,1201.5,5.2,fashion,3,influencer,0
05968,10,1767.0,8.1,fashion,55,search,0
05969,9,3739.5,3.3,beauty,47,search,1
05970,8,2175.0,7.8,fashion,36,social,0
05973,7,1315.5,6.1,fashion,114,influencer,1
05975,6,4255.5,4.8,both,200,social,0
05977,1,420.0,0.9,beauty,39,social,0
05978,11,4141.5,3.1,both,68,social,0
05980,0,1351.5,3.9,beauty,7,social,0
05983,4,1383.0,8.3,beauty,139,search,1
05984,1,1068.0,2.9,fashion,56,influencer,0
05985,12,922.5,0.4,beauty,5,crm,1
05987,5,3873.0,4.2,beauty,22,social,0
05990,10,4666.5,8.0,beauty,3,influencer,0
05991,13,1741.5,2.7,beauty,3,social,0
05993,2,777.0,8.9,beauty,141,social,1
05994,10,3714.0,4.0,beauty,131,social,1
05995,2,1411.5,2.0,both,31,search,0
05997,6,3715.5,4.6,both,0,crm,0
05998,12,6850.5,4.8,fashion,48,social,0
05999,12,1338.0,4.3,beauty,74,search,0
06000,3,6733.5,8.0,fashion,34,crm,1
06002,11,4078.5,7.5,both,73,social,0
06003,7,624.0,7.8,fashion,107,social,1
06004,2,1465.5,4.5,beauty,1,social,1
06007,14,2527.5,8.0,both,35,influencer,0
06008,2,3663.0,4.0,fashion,86,influencer,1
06009,5,3292.5,2.4,fashion,15,social,0
06010,4,3234.0,8.3,both,81,social,1
06011,3,3439.5,6.0,both,64,search,1
06012,7,871.5,8.2,fashion,22,crm,0
06013,9,1014.0,3.3,beauty,187,social,0
06014,8,1740.0,4.2,fashion,89,social,0
06015,14,3745.5,6.7,beauty,8,search,1
06017,8,1123.5,7.5,fashion,39,social,0
06020,10,1222.5,0.3,beauty,72,social,0
06021,2,832.5,5.0,fashion,123,social,1
06022,8,2844.0,6.8,fashion,2,social,1
06023,0,5142.0,0.8,both,96,social,0
06024,11,1152.0,1.7,fashion,87,social,1
06025,2,3300.0,3.4,beauty,80,influencer,1
06026,6,781.5,8.4,beauty,23,social,1
06027,6,5035.5,2.6,beauty,220,social,1
06029,5,6886.5,8.0,beauty,88,social,1
06030,3,3004.5,4.6,beauty,79,search,1
06031,7,2628.0,6.9,fashion,1,influencer,0
06032,3,429.0,0.8,fashion,20,influencer,1
06033,9,3555.0,3.9,beauty,110,social,0
06034,14,613.5,1.2,fashion,237,influencer,1
06035,5,3441.0,4.2,both,260,social,1
06036,4,2829.0,7.3,fashion,22,influencer,1
06037,11,4038.0,5.4,beauty,86,social,0
06040,5,3619.5,2.8,fashion,207,search,1
06041,2,2757.0,7.2,both,123,search,0
06043,2,4093.5,8.3,beauty,215,crm,0
06044,9,5676.0,1.1,fashion,56,social,1
06045,6,2349.0,4.6,fashion,17,social,0
06047,0,4198.5,4.2,fashion,38,influencer,0
06048,0,3823.5,7.0,beauty,54,social,1
06050,5,4665.0,8.9,both,37,crm,1
06051,3,1677.0,6.7,fashion,75,social,1
06052,13,796.5,0.4,beauty,70,influencer,1
06054,13,4416.0,4.0,beauty,122,search,0
06055,13,826.5,4.2,fashion,64,influencer,1
06056,14,3898.5,1.7,beauty,7,crm,1
06057,0,3337.5,7.6,fashion,101,search,0
06059,3,2802.0,8.0,both,58,social,0
06061,0,2020.5,1.0,beauty,45,crm,0
06064,5,3262.5,6.7,both,74,influencer,0
06065,3,4255.5,7.1,both,17,search,0
06066,1,3834.0,4.4,beauty,40,social,0
06067,11,675.0,4.2,both,19,search,1
06068,12,5730.0,5.2,both,80,search,1
06069,4,2439.0,7.8,both,38,search,0
06070,8,1173.0,7.2,fashion,254,search,0
06071,6,2569.5,5.6,both,91,social,0
06072,3,2850.0,6.5,fashion,299,crm,1
06073,14,2869.5,2.0,fashion,152,crm,0
06074,4,2187.0,4.1,beauty,2,social,1
06075,7,730.5,3.4,fashion,172,crm,0
06076,10,1753.5,3.9,fashion,15,social,0
06077,12,888.0,5.2,beauty,11,search,1
06078,4,2689.5,5.7,beauty,67,social,1
06079,11,3846.0,5.4,both,50,crm,1
06080,5,3709.5,7.4,both,77,social,0
06081,12,3390.0,2.1,beauty,87,social,0
06083,5,5763.0,7.2,beauty,62,social,1
06084,7,2394.0,5.7,beauty,5,influencer,1
06088,0,4737.0,2.2,beauty,247,search,1
06089,3,3189.0,3.4,fashion,53,influencer,0
06090,2,5095.5,6.1,beauty,0,social,1
06092,6,4483.5,4.9,both,40,influencer,0
06093,12,2155.5,4.8,beauty,39,social,0
06094,12,942.0,6.5,beauty,39,influencer,1
06095,6,4884.0,0.3,both,11,social,1
06096,14,4521.0,7.4,fashion,3,crm,1
06097,7,1389.0,6.8,fashion,143,influencer,1
06101,4,1149.0,6.8,beauty,25,search,1
06104,5,5922.0,4.0,fashion,13,social,0
06105,5,4138.5,2.3,fashion,16,social,1
06106,10,2046.0,1.1,both,75,crm,0
06107,7,3279.0,2.4,fashion,53,social,0
06109,9,1389.0,0.4,both,4,social,1
06111,1,1956.0,8.8,fashion,68,influencer,1
06112,10,1764.0,8.2,fashion,15,social,1
06113,8,2835.0,3.8,fashion,108,social,0
06116,5,2166.0,4.4,fashion,51,search,1
06119,7,3141.0,4.0,fashion,65,social,1
06120,9,5778.0,6.7,fashion,219,social,0
06121,0,2511.0,0.6,beauty,284,influencer,0
06122,7,5877.0,1.9,fashion,174,social,1
06123,12,2334.0,4.7,fashion,172,social,1
06124,6,3531.0,4.7,fashion,11,crm,0
06125,4,2365.5,3.8,beauty,131,search,1
06126,14,1062.0,5.0,beauty,0,social,1
06127,12,4194.0,5.4,beauty,45,social,0
06129,3,2514.0,4.4,beauty,32,social,1
06130,8,1441.5,4.1,beauty,15,influencer,1
06132,12,4336.5,7.9,beauty,171,social,0
06135,13,4041.0,5.8,fashion,41,crm,1
06136,0,1993.5,1.5,fashion,57,social,1
06137,11,1330.5,3.4,both,0,search,1
06138,8,868.5,4.8,both,132,social,0
06141,1,1788.0,8.1,beauty,3,crm,1
06142,3,822.0,7.3,beauty,174,influencer,0
06143,3,2839.5,2.2,fashion,11,search,1
06145,3,2845.5,8.8,beauty,12,social,1
06146,4,1351.5,7.3,fashion,1,influencer,0
06148,3,1924.5,2.5,fashion,13,search,0
06150,12,2662.5,8.1,fashion,269,influencer,0
06151,1,4431.0,4.6,fashion,15,search,0
06153,3,3006.0,0.3,fashion,11,influencer,0
06156,9,2077.5,9.2,fashion,16,search,0
06158,2,2718.0,7.8,both,86,social,1
06159,10,4482.0,0.8,both,87,social,0
06160,0,1465.5,5.8,beauty,81,social,0
06162,10,3232.5,8.9,both,0,search,0
06163,14,1096.5,6.8,both,17,social,1
06164,7,2952.0,3.2,fashion,216,social,0
06165,7,3180.0,0.4,beauty,87,social,1
06167,3,4848.0,8.9,both,3,social,1
06168,14,3718.5,8.4,fashion,48,search,0
06169,6,5841.0,2.7,beauty,48,social,1
06170,14,3477.0,1.5,fashion,67,search,0
06172,13,490.5,3.5,beauty,204,social,0
06173,2,2874.0,8.4,beauty,23,search,0
06174,6,1723.5,3.9,both,149,influencer,0
06175,13,907.5,8.1,beauty,42,social,0
06176,5,1780.5,3.2,fashion,35,social,1
06177,0,5362.5,6.3,fashion,89,social,1
06179,11,4786.5,6.2,beauty,8,search,1
06181,12,3076.5,7.5,fashion,26,social,1
06182,2,1981.5,1.3,fashion,2,social,0
06184,14,2703.0,1.2,fashion,45,social,0
06185,2,3507.0,3.6,fashion,269,social,0
06187,7,1018.5,5.9,both,56,social,1
06188,13,1950.0,4.1,both,2,social,0
06189,3,2242.5,0.7,beauty,61,search,0
06191,12,1465.5,1.7,fashion,84,crm,0
06192,9,1390.5,1.3,fashion,59,influencer,1
06193,1,2758.5,3.5,both,196,crm,0
06194,4,4821.0,3.8,both,42,social,1
06197,10,4740.0,5.7,fashion,72,search,1
06200,14,1438.5,2.4,both,59,search,0
06201,2,3547.5,0.7,fashion,82,search,0
06202,13,1863.0,3.5,fashion,201,crm,1
06203,1,4293.0,5.0,fashion,249,search,1
06204,2,2058.0,3.9,fashion,9,crm,1
06205,2,1075.5,6.1,fashion,88,social,1
06206,0,3211.5,3.1,fashion,2,social,1
06207,2,2551.5,1.5,fashion,10,social,1
06208,2,4146.0,0.2,both,101,influencer,1
06209,3,2710.5,0.9,fashion,18,influencer,0
06210,12,1066.5,0.5,fashion,89,search,0
06211,7,2872.5,1.0,fashion,37,search,0
06212,8,2865.0,4.0,beauty,68,search,1
06214,0,2029.5,4.7,both,57,social,1
06215,5,5148.0,7.6,fashion,13,social,1
06216,0,1383.0,9.5,beauty,71,social,0
06217,11,3586.5,2.9,both,159,influencer,0
06218,4,4116.0,5.6,fashion,170,social,1
06219,13,1465.5,7.9,beauty,65,social,0
06221,0,3658.5,3.8,beauty,27,social,1
06222,12,1288.5,2.1,fashion,292,crm,0
06223,7,957.0,7.3,both,23,social,0
06225,4,3577.5,8.1,fashion,67,social,0
06228,14,2625.0,7.2,beauty,0,search,0
06229,12,5872.5,8.4,beauty,40,social,1
06230,7,2905.5,3.5,fashion,58,social,1
06231,11,4513.5,2.7,beauty,46,search,0
06232,8,942.0,7.8,beauty,73,social,0
06233,8,2976.0,9.1,fashion,28,influencer,0
06234,0,570.0,5.9,fashion,3,social,0
06235,13,531.0,8.2,fashion,6,search,1
06236,6,3831.0,4.4,fashion,5,social,0
06239,12,5599.5,2.6,beauty,109,influencer,0
06242,7,5017.5,0.3,beauty,79,social,0
06243,14,2734.5,1.1,fashion,12,social,1
06244,6,5004.0,3.9,fashion,30,social,0
06246,0,1785.0,0.6,beauty,31,social,1
06247,0,486.0,5.6,beauty,1,social,1
06248,1,3204.0,3.0,fashion,4,crm,1
06249,9,1383.0,9.1,beauty,38,social,1
06250,1,5919.0,4.2,fashion,48,social,1
06252,4,2062.5,6.9,fashion,178,social,1
06253,0,4111.5,2.0,beauty,70,influencer,0
06254,6,5218.5,0.7,fashion,41,social,1
06255,9,2404.5,8.3,fashion,126,social,1
06256,1,3844.5,4.6,beauty,5,search,1
06257,2,5040.0,2.8,fashion,128,influencer,1
06258,3,6649.5,4.9,fashion,1,social,1
06259,2,3906.0,7.5,both,59,social,1
06260,2,3790.5,3.2,beauty,264,influencer,0
06262,11,1057.5,3.4,both,29,social,0
06263,14,1258.5,7.6,both,78,social,0
06264,3,444.0,2.2,beauty,26,influencer,0
06265,7,1203.0,7.2,fashion,235,social,1
06266,0,2799.0,0.9,fashion,176,crm,1
06270,0,816.0,7.4,beauty,2,search,0
06271,4,1137.0,5.3,fashion,68,social,1
06272,6,5515.5,2.5,both,172,social,1
06273,12,4044.0,3.8,fashion,36,influencer,0
06274,11,4036.5,4.6,both,45,search,1
06275,0,6708.0,7.8,both,88,social,1
06276,8,6769.5,4.8,fashion,81,influencer,1
06277,11,2653.5,1.4,both,4,social,0
06278,10,1900.5,0.2,fashion,6,crm,0
06281,14,4212.0,0.8,both,3,influencer,1
06282,13,3966.0,8.5,fashion,168,search,0
06283,1,4779.0,5.0,beauty,7,social,1
06284,1,1981.5,7.5,beauty,7,social,0
06285,8,2088.0,6.4,beauty,65,crm,1
06286,12,2695.5,7.6,both,96,search,0
06287,13,3883.5,9.1,fashion,9,search,1
06288,13,1350.0,6.1,fashion,166,social,1
06290,14,2490.0,4.4,beauty,19,social,1
06291,5,2515.5,8.3,fashion,184,social,1
06292,12,3559.5,4.9,fashion,10,search,1
06293,9,2535.0,1.3,fashion,63,influencer,1
06294,1,2001.0,6.0,fashion,229,influencer,0
06295,14,982.5,6.0,fashion,1,social,1
06296,3,3234.0,6.0,beauty,81,social,1
06298,14,1762.5,3.6,fashion,38,social,1
06299,2,2284.5,5.8,fashion,285,social,1
06300,1,2086.5,8.8,both,77,search,1
06301,13,1282.5,7.5,both,18,search,1
06302,7,1722.0,4.4,fashion,48,influencer,1
06303,4,2109.0,4.1,fashion,64,social,0
06304,4,985.5,3.9,beauty,7,search,1
06305,7,1960.5,7.2,both,14,search,0
06306,10,2722.5,6.0,both,46,search,1
06307,14,696.0,8.4,beauty,77,search,1
06308,7,3046.5,2.1,fashion,17,social,1
06309,12,1734.0,4.4,beauty,2,social,1
06310,6,513.0,1.6,beauty,31,social,0
06311,4,984.0,1.3,both,43,social,0
06312,6,1017.0,6.9,both,26,search,1
06313,12,1276.5,0.9,both,125,social,1
06314,0,4014.0,3.2,beauty,158,crm,1
06316,14,1384.5,6.7,beauty,237,influencer,0
06317,2,787.5,4.2,both,35,crm,0
06318,1,1789.5,2.4,fashion,47,social,1
06319,5,3055.5,4.6,fashion,7,influencer,0
06322,3,2700.0,7.9,fashion,41,search,1
06325,3,3084.0,0.9,beauty,9,influencer,1
06326,4,1305.0,3.4,fashion,31,search,1
06327,13,496.5,4.6,both,62,social,1
06329,3,5064.0,4.1,beauty,289,social,0
06330,13,2833.5,3.2,beauty,190,influencer,0
06331,5,1944.0,1.5,fashion,2,social,0
06332,8,1845.0,1.2,fashion,87,search,0
06334,5,3472.5,2.1,beauty,4,social,1
06335,4,2446.5,7.2,beauty,83,social,0
06336,14,651.0,7.4,fashion,97,influencer,1
06337,14,3690.0,4.2,beauty,61,search,1
06338,11,3240.0,5.2,fashion,1,social,1
06339,13,1740.0,6.1,fashion,209,social,0
06340,12,2317.5,7.8,fashion,1,social,1
06342,7,1389.0,0.7,fashion,36,social,0
06343,4,4303.5,5.5,fashion,202,search,0
06345,2,4435.5,9.4,fashion,9,social,1
06346,9,4263.0,5.5,beauty,34,influencer,1
06347,11,2790.0,8.6,fashion,0,influencer,1
06348,1,2647.5,2.4,fashion,35,social,1
06349,0,5428.5,2.3,fashion,40,social,0
06351,4,1066.5,8.0,fashion,287,social,0
06352,9,2491.5,1.3,fashion,19,influencer,1
06353,11,3111.0,5.1,beauty,182,influencer,0
06354,14,5766.0,8.5,both,61,search,0
06355,3,1537.5,4.3,beauty,299,crm,1
06356,6,3652.5,7.8,both,12,influencer,1
06358,3,5508.0,4.1,fashion,249,influencer,0
06361,1,744.0,0.2,beauty,47,social,0
06362,8,1360.5,5.2,fashion,36,influencer,0
06364,11,4857.0,4.7,fashion,184,social,0
06365,14,994.5,4.1,both,87,social,0
06366,3,3565.5,6.5,both,7,influencer,0
06368,11,4632.0,7.9,both,0,search,0
06369,12,1515.0,0.7,fashion,3,influencer,0
06370,8,5136.0,2.8,both,12,search,1
06372,1,3555.0,4.1,fashion,59,social,0
06373,3,3846.0,1.5,both,128,social,0
06376,6,3243.0,9.0,beauty,8,influencer,0
06378,9,1717.5,4.3,both,1,influencer,0
06379,11,1173.0,0.5,fashion,70,search,0
06380,9,2302.5,1.2,beauty,254,social,0
06382,6,1609.5,3.0,both,101,social,0
06384,10,1416.0,5.2,fashion,140,social,1
06385,14,2823.0,7.5,both,47,influencer,0
06386,3,6504.0,2.9,beauty,2,crm,1
06388,2,3000.0,1.5,fashion,42,social,1
06389,12,3117.0,1.5,both,34,social,0
06390,2,1830.0,1.1,beauty,58,search,0
06391,4,2529.0,8.7,both,76,search,1
06392,5,4695.0,5.0,fashion,2,social,1
06393,2,6307.5,6.5,fashion,7,social,1
06394,9,2817.0,1.5,fashion,74,search,0
06395,14,1888.5,7.1,beauty,18,social,1
06396,1,541.5,3.9,both,137,search,0
06398,9,3967.5,0.4,both,5,crm,1
06399,5,2046.0,3.7,fashion,53,search,1
06400,2,3696.0,3.6,fashion,89,influencer,1
06403,14,616.5,1.3,beauty,13,social,1
06404,11,1987.5,1.8,beauty,13,search,0
06405,12,1987.5,8.2,both,7,search,0
06406,1,3339.0,3.6,fashion,26,social,1
06407,13,1546.5,0.9,fashion,4,search,1
06409,9,1972.5,2.2,fashion,0,social,1
06410,3,2764.5,5.9,fashion,18,social,1
06412,6,4927.5,7.1,both,7,influencer,1
06413,7,2094.0,3.5,beauty,15,search,0
06414,2,5167.5,2.6,beauty,1,social,0
06415,5,1608.0,3.1,beauty,31,crm,1
06416,0,4575.0,2.2,beauty,40,social,0
06417,4,2466.0,3.8,fashion,166,social,0
06418,1,627.0,0.2,both,73,influencer,0
06420,12,4230.0,6.4,beauty,35,social,0
06421,6,2649.0,3.4,beauty,10,social,1
06422,9,1206.0,1.6,fashion,1,crm,0
06423,3,2019.0,3.9,both,34,crm,1
06424,4,624.0,5.7,fashion,76,social,1
06425,1,1701.0,7.6,beauty,7,search,0
06426,7,2074.5,0.6,fashion,39,influencer,0
06427,14,2400.0,3.6,beauty,86,search,1
06428,10,1471.5,7.4,both,6,search,0
06429,12,2217.0,7.5,fashion,6,social,1
06432,2,3127.5,5.6,both,23,social,0
06434,10,1132.5,7.8,beauty,23,crm,0
06435,0,2169.0,1.1,beauty,65,influencer,1
06436,9,6118.5,4.5,both,99,search,1
06438,13,1641.0,7.4,fashion,179,social,1
06439,6,948.0,4.8,beauty,55,influencer,0
06442,8,2224.5,4.0,fashion,6,search,0
06443,8,3258.0,6.7,beauty,69,influencer,0
06444,7,4689.0,5.9,fashion,8,crm,1
06445,7,2265.0,6.5,both,80,search,0
06446,14,5679.0,7.5,fashion,74,search,1
06448,3,513.0,3.6,fashion,7,social,0
06450,8,568.5,4.5,both,17,social,1
06451,2,1567.5,1.4,fashion,58,influencer,1
06452,3,2332.5,3.2,beauty,43,search,1
06453,9,2016.0,3.4,fashion,221,social,0
06454,4,4311.0,6.7,beauty,0,search,0
06455,6,1179.0,2.5,fashion,238,social,1
06456,4,790.5,2.0,fashion,3,influencer,0
06457,8,3823.5,3.8,beauty,40,social,0
06459,2,1453.5,1.5,beauty,69,social,0
06461,5,2608.5,4.8,fashion,50,search,1
06462,14,5559.0,6.3,beauty,14,social,0
06463,11,1452.0,4.6,fashion,80,search,1
06464,9,2565.0,4.5,beauty,91,influencer,1
06465,0,3633.0,3.5,fashion,72,social,1
06466,6,3501.0,3.5,both,33,search,1
06467,2,3258.0,8.3,beauty,3,search,0
06468,0,1102.5,2.3,fashion,53,search,0
06470,4,2452.5,5.3,beauty,80,search,1
06471,13,2451.0,7.3,beauty,39,search,0
06472,9,2929.5,4.5,fashion,32,crm,1
06473,9,2607.0,9.9,beauty,108,social,0
06474,1,3331.5,6.7,beauty,31,social,0
06477,3,2440.5,5.4,fashion,89,social,1
06478,9,2550.0,5.5,both,2,social,0
06480,10,1873.5,1.7,both,31,social,1
06481,11,2269.5,3.9,both,45,social,0
06482,11,2725.5,5.3,beauty,100,social,0
06483,14,3151.5,7.8,beauty,59,social,1
06485,6,1446.0,8.4,beauty,87,social,0
06487,10,2479.5,8.6,fashion,8,influencer,0
06491,6,2307.0,4.5,both,5,social,1
06492,3,4227.0,4.7,beauty,0,crm,1
06493,8,1090.5,2.6,beauty,95,social,0
06494,8,888.0,8.1,fashion,85,social,0
06495,2,2709.0,1.9,both,1,social,0
06496,9,900.0,0.3,fashion,47,search,0
06497,13,4246.5,4.9,fashion,70,social,1
06499,0,1345.5,1.2,fashion,68,social,0
06502,12,994.5,4.4,beauty,86,social,1
06503,7,1579.5,2.3,fashion,34,social,1
06504,5,2065.5,3.4,fashion,130,social,0
06505,7,1048.5,4.8,fashion,37,search,0
06506,13,3195.0,5.9,fashion,45,social,1
06507,13,3715.5,7.6,beauty,36,social,0
06508,7,5601.0,0.1,beauty,177,search,0
06509,1,813.0,0.5,beauty,4,influencer,1
06510,2,1120.5,5.0,beauty,4,social,0
06513,12,1608.0,5.8,beauty,29,social,1
06514,14,2620.5,2.0,fashion,8,influencer,1
06515,14,2736.0,2.4,both,36,crm,0
06516,10,1047.0,5.9,fashion,89,social,0
06517,1,2890.5,3.5,fashion,31,social,1
06518,5,715.5,3.4,both,6,social,1
06520,13,1215.0,0.1,both,27,social,1
06521,1,1239.0,4.0,beauty,192,social,1
06522,14,3966.0,8.1,beauty,114,crm,1
06524,1,910.5,7.1,beauty,241,social,1
06525,3,3763.5,6.9,both,2,social,1
06526,13,2668.5,3.3,beauty,212,social,0
06527,6,690.0,3.3,fashion,46,social,1
06528,14,1179.0,8.6,beauty,90,social,0
06529,5,3412.5,4.8,fashion,6,search,0
06531,3,3319.5,6.1,beauty,110,search,1
06532,1,2865.0,3.1,fashion,251,search,0
06533,10,2482.5,4.0,beauty,6,social,0
06534,7,2247.0,0.0,both,11,social,1
06535,12,2655.0,6.2,beauty,10,search,0
06536,11,2967.0,3.3,both,73,influencer,0
06537,1,1993.5,8.3,fashion,98,search,0
06538,14,5704.5,6.3,beauty,259,social,0
06539,14,534.0,1.5,both,54,influencer,0
06540,10,1423.5,5.7,both,5,influencer,0
06541,7,2095.5,6.0,both,75,crm,1
06542,9,2962.5,4.6,both,4,search,1
06543,13,1696.5,7.9,beauty,54,influencer,0
06544,3,2163.0,1.8,beauty,20,influencer,1
06545,11,3295.5,5.2,beauty,5,search,1
06546,4,4741.5,7.7,both,196,influencer,0
06547,14,3768.0,3.6,fashion,1,social,0
06548,10,2235.0,6.2,both,27,influencer,0
06549,0,1807.5,1.9,both,26,influencer,0
06550,1,3363.0,0.6,fashion,15,search,1
06551,10,3310.5,8.3,beauty,23,social,0
06552,7,2007.0,3.1,beauty,12,search,1
06553,0,1335.0,1.9,beauty,78,social,1
06554,2,2314.5,8.4,both,71,social,0
06555,1,3447.0,6.6,beauty,246,influencer,1
06556,9,4324.5,4.6,both,13,social,1
06559,3,1102.5,2.4,fashion,3,influencer,0
06560,3,2806.5,2.3,fashion,144,social,1
06561,12,1900.5,4.7,both,120,search,0
06563,10,4554.0,4.8,fashion,71,search,1
06564,3,1179.0,4.8,fashion,4,search,1
06565,3,2101.5,8.5,fashion,71,search,0
06566,5,2206.5,2.3,fashion,7,social,1
06567,1,3343.5,5.6,beauty,183,search,0
06569,12,2868.0,1.9,fashion,27,search,1
06570,14,5325.0,4.7,both,233,social,1
06571,3,3880.5,1.8,both,292,social,0
06572,13,4353.0,8.0,both,22,influencer,1
06574,6,1836.0,7.9,beauty,142,social,1
06575,0,3795.0,4.9,both,23,crm,1
06576,9,2269.5,9.2,beauty,88,crm,1
06578,8,4476.0,2.8,beauty,2,social,1
06579,6,1608.0,5.8,fashion,102,search,1
06580,10,1060.5,9.7,both,50,social,1
06582,13,1611.0,4.2,both,84,crm,0
06583,1,1741.5,0.9,both,208,crm,0
06584,5,571.5,9.8,beauty,62,crm,0
06585,4,2091.0,7.5,beauty,18,social,0
06586,8,5017.5,2.7,beauty,18,social,0
06587,11,2133.0,4.9,fashion,57,social,0
06588,0,522.0,2.6,fashion,35,social,0
06589,4,2907.0,4.7,beauty,24,social,0
06590,2,1686.0,7.4,beauty,60,social,0
06592,11,1536.0,5.5,fashion,63,search,0
06593,0,5590.5,2.8,fashion,70,search,1
06594,5,507.0,7.9,fashion,110,search,1
06595,2,2352.0,9.5,fashion,246,social,0
06596,0,3001.5,2.0,fashion,3,influencer,1
06599,2,2628.0,3.0,fashion,19,social,0
06600,14,576.0,1.4,fashion,27,social,0
06601,1,2884.5,5.7,beauty,149,social,1
06602,9,748.5,1.1,both,8,search,1
06603,11,4584.0,7.1,fashion,2,search,1
06604,11,630.0,6.2,beauty,44,crm,1
06605,11,1836.0,5.0,fashion,68,social,1
06606,7,3219.0,1.4,fashion,84,social,0
06609,6,1897.5,0.8,beauty,5,social,0
06610,9,972.0,4.2,beauty,149,crm,0
06612,14,3367.5,3.6,both,12,crm,1
06613,6,4215.0,1.1,fashion,11,social,1
06615,6,745.5,4.2,beauty,57,search,0
06616,9,3522.0,8.1,fashion,16,social,0
06617,0,2385.0,1.3,beauty,2,search,0
06618,3,4957.5,8.7,fashion,10,social,1
06620,4,1458.0,3.0,beauty,94,influencer,1
06622,9,952.5,3.6,beauty,3,social,0
06625,3,1174.5,2.8,beauty,31,social,0
06626,12,1500.0,5.1,both,10,search,1
06630,0,1426.5,8.1,fashion,227,crm,1
06631,11,1909.5,8.1,both,33,influencer,0
06632,2,2373.0,5.2,beauty,11,influencer,0
06633,14,5122.5,3.8,fashion,2,influencer,0
06635,9,1600.5,2.7,beauty,10,social,0
06636,14,1912.5,4.5,fashion,30,social,0
06637,4,1857.0,7.5,fashion,87,search,1
06638,6,6555.0,3.8,fashion,79,social,1
06639,13,1980.0,4.4,beauty,45,search,0
06640,0,496.5,8.5,beauty,68,search,0
06641,5,2247.0,7.4,fashion,117,search,1
06642,11,1480.5,0.6,beauty,124,search,1
06643,13,529.5,4.0,beauty,171,social,0
06644,7,2754.0,8.1,both,102,social,1
06645,5,3478.5,4.9,beauty,62,influencer,1
06648,7,1644.0,4.4,fashion,250,social,1
06649,14,4414.5,7.5,both,64,social,0
06652,13,1696.5,8.7,both,56,social,0
06654,7,3135.0,7.1,beauty,145,influencer,0
06655,11,2851.5,5.6,beauty,40,social,1
06656,5,2742.0,4.9,fashion,43,search,0
06657,14,1815.0,2.9,beauty,88,search,1
06658,3,1167.0,6.5,fashion,28,crm,1
06659,10,1341.0,2.0,both,182,social,1
06660,11,1878.0,0.7,beauty,201,social,0
06662,14,3153.0,3.4,beauty,154,search,0
06663,8,3084.0,6.5,fashion,53,social,0
06664,7,2760.0,9.2,fashion,19,social,0
06665,14,4779.0,4.8,fashion,2,social,0
06666,13,4176.0,6.9,beauty,19,social,1
06667,6,2776.5,1.2,beauty,11,social,1
06671,0,2266.5,3.6,fashion,188,search,0
06672,7,6291.0,4.4,both,64,search,0
06673,4,1987.5,4.1,beauty,68,search,0
06674,6,3909.0,6.3,both,3,crm,0
06675,6,3084.0,8.2,beauty,68,social,0
06676,7,2107.5,6.0,beauty,30,crm,1
06677,6,2017.5,4.7,beauty,33,search,0
06678,5,3103.5,9.4,fashion,84,social,0
06679,11,598.5,2.7,fashion,6,search,1
06681,4,1578.0,7.9,beauty,204,influencer,1
06682,4,2709.0,4.6,fashion,11,social,0
06683,3,5325.0,6.6,beauty,26,social,1
06684,6,2548.5,2.3,both,3,social,1
06685,12,3000.0,2.8,both,73,influencer,0
06686,11,1371.0,4.2,fashion,79,influencer,1
06687,10,2851.5,4.8,fashion,53,social,1
06689,2,2208.0,1.6,both,12,social,1
06691,14,2556.0,3.7,beauty,39,social,1
06692,2,1078.5,1.4,fashion,28,social,1
06693,7,3076.5,3.1,fashion,52,social,1
06695,4,2310.0,4.0,both,4,influencer,1
06696,14,577.5,8.1,fashion,252,social,0
06697,10,4656.0,6.4,beauty,64,social,1
06699,9,507.0,1.8,fashion,2,social,1
06700,5,3141.0,1.3,beauty,6,social,0
06702,13,3031.5,0.7,beauty,136,search,1
06703,10,4728.0,1.8,both,80,search,0
06704,3,1152.0,8.4,beauty,37,social,1
06705,8,2064.0,2.1,beauty,14,social,0
06706,14,2962.5,5.0,beauty,191,search,0
06707,14,4243.5,8.5,beauty,4,social,0
06708,4,3406.5,1.1,fashion,175,search,1
06709,14,1764.0,1.3,beauty,13,crm,1
06710,0,1563.0,4.7,fashion,45,influencer,1
06712,3,1833.0,0.4,both,28,search,0
06713,11,423.0,2.1,beauty,0,search,1
06714,5,2751.0,2.9,fashion,22,search,0
06715,6,2316.0,4.9,fashion,6,search,0
06717,7,528.0,1.4,fashion,75,social,0
06719,5,3697.5,1.1,both,57,influencer,0
06721,10,3591.0,5.2,both,5,search,0
06722,1,4071.0,4.5,fashion,115,crm,0
06723,13,1252.5,2.2,fashion,1,search,0
06724,11,1056.0,2.1,fashion,6,influencer,0
06725,9,5680.5,5.4,fashion,10,influencer,0
06726,11,1140.0,8.7,fashion,81,social,1
06727,1,1914.0,4.7,beauty,50,search,1
06728,13,4578.0,7.6,both,4,social,1
06729,2,726.0,1.6,fashion,61,social,0
06731,5,3447.0,4.8,beauty,57,social,0
06732,5,3814.5,1.6,both,2,social,1
06733,2,1167.0,0.4,both,2,influencer,0
06734,0,2337.0,2.6,beauty,82,search,1
06736,3,4296.0,1.1,fashion,18,social,0
06739,7,3841.5,7.1,both,17,search,1
06740,12,3535.5,3.3,both,7,crm,0
06741,3,945.0,7.0,fashion,66,social,0
06742,6,1389.0,1.0,fashion,60,search,1
06743,12,574.5,3.5,both,61,social,0
06744,12,1624.5,5.6,both,6,influencer,1
06745,8,6645.0,5.0,beauty,19,social,1
06747,2,3750.0,3.7,beauty,293,social,0
06749,7,3996.0,3.0,both,0,influencer,0
06750,1,903.0,4.3,beauty,10,search,0
06752,6,2016.0,6.5,fashion,96,influencer,0
06753,10,2422.5,6.5,beauty,7,social,0
06756,2,414.0,1.2,fashion,61,social,0
06757,11,2959.5,7.4,fashion,3,social,1
06758,7,2181.0,6.8,beauty,203,influencer,1
06759,11,3579.0,3.7,both,88,search,0
06760,8,2643.0,8.1,beauty,80,social,1
06763,10,1324.5,3.6,both,70,influencer,1
06764,1,2142.0,3.4,fashion,154,search,0
06766,12,3117.0,0.8,beauty,64,influencer,1
06767,8,730.5,2.2,both,36,crm,0
06768,5,640.5,8.5,fashion,194,search,0
06769,11,5143.5,0.5,fashion,6,social,1
06770,1,3105.0,3.3,beauty,52,social,1
06771,8,930.0,3.1,fashion,34,influencer,0
06772,4,1198.5,4.3,both,234,social,0
06773,14,4911.0,0.9,fashion,9,search,1
06774,5,5134.5,4.0,both,16,crm,0
06775,0,3190.5,2.3,beauty,184,social,0
06776,11,1986.0,2.1,both,31,influencer,0
06777,12,2824.5,1.8,fashion,5,search,1
06778,13,1899.0,6.4,beauty,51,social,1
06779,1,3252.0,6.3,both,34,crm,1
06780,0,840.0,0.5,beauty,66,search,0
06781,3,1282.5,7.1,both,2,influencer,0
06782,1,936.0,3.3,beauty,230,social,0
06783,12,2731.5,6.9,fashion,220,social,1
06785,2,1977.0,5.1,both,286,social,1
06786,3,2629.5,6.5,fashion,285,social,1
06787,3,3709.5,6.9,beauty,20,crm,1
06788,2,1456.5,3.3,fashion,18,search,1
06789,1,4438.5,4.5,beauty,188,search,1
06790,11,3055.5,2.8,both,56,social,0
06791,7,1188.0,3.4,beauty,16,search,0
06792,9,3672.0,0.4,beauty,35,search,1
06793,12,444.0,4.8,beauty,10,social,0
06794,10,3174.0,4.9,fashion,292,crm,0
06795,1,1443.0,1.8,both,43,social,1
06796,4,1525.5,1.1,both,26,social,0
06798,8,2017.5,5.1,fashion,130,search,0
06799,11,3837.0,7.3,beauty,1,search,0
06804,0,4272.0,1.2,beauty,2,social,0
06805,7,3051.0,1.4,both,15,influencer,1
06806,1,5418.0,0.9,beauty,76,social,0
06807,6,1128.0,8.1,fashion,0,influencer,0
06810,5,910.5,3.9,fashion,1,social,1
06813,7,1863.0,8.9,both,9,social,0
06815,11,700.5,8.8,fashion,100,search,1
06816,4,4869.0,7.6,fashion,48,crm,0
06818,12,5577.0,2.4,both,238,social,1
06819,4,609.0,0.9,both,44,crm,0
06821,11,1326.0,1.6,fashion,104,search,1
06823,5,1990.5,5.3,fashion,243,influencer,0
06825,5,4638.0,3.6,fashion,133,social,1
06826,5,4506.0,0.1,fashion,13,social,0
06827,10,2970.0,0.7,beauty,121,influencer,0
06829,5,724.5,3.4,fashion,54,search,0
06830,13,3748.5,4.0,both,247,search,1
06831,13,2895.0,5.1,beauty,236,search,0
06832,10,4072.5,5.5,beauty,51,search,0
06833,2,1833.0,3.5,both,37,search,1
06836,3,1986.0,0.7,beauty,268,social,0
06837,10,1936.5,4.2,fashion,38,influencer,0
06838,1,1063.5,1.2,both,55,social,0
06839,6,1641.0,8.5,fashion,22,social,0
06840,10,553.5,1.0,fashion,14,search,0
06842,10,861.0,3.3,fashion,238,influencer,0
06843,3,3066.0,4.5,fashion,202,social,0
06844,5,793.5,7.8,fashion,31,search,1
06845,7,721.5,5.6,both,44,social,1
06846,4,2838.0,5.6,both,136,crm,1
06847,8,2527.5,5.1,beauty,29,social,0
06848,5,3033.0,7.2,both,27,search,0
06849,5,2337.0,6.1,beauty,45,search,1
06850,11,1363.5,8.3,both,130,social,0
06853,14,1417.5,4.1,beauty,1,social,1
06854,6,4389.0,2.9,fashion,187,social,1
06856,14,2896.5,4.0,fashion,7,social,1
06857,4,5476.5,4.4,beauty,21,search,1
06858,13,5554.5,3.6,both,263,crm,1
06859,4,3552.0,3.9,beauty,65,influencer,0
06860,11,1882.5,3.5,beauty,29,social,1
06861,12,3688.5,3.5,fashion,120,social,1
06862,10,1740.0,7.5,beauty,40,social,0
06864,0,1657.5,7.9,fashion,85,social,0
06865,4,4818.0,5.9,fashion,131,influencer,1
06866,9,6120.0,2.5,beauty,79,influencer,1
06867,7,1866.0,6.3,both,43,search,1
06868,14,6202.5,7.4,beauty,52,social,0
06869,2,814.5,4.6,beauty,169,search,0
06870,8,843.0,3.0,beauty,82,search,0
06871,8,1998.0,6.0,both,44,search,0
06873,3,3756.0,0.1,both,50,search,0
06874,14,642.0,6.9,beauty,165,search,1
06875,3,1744.5,4.3,fashion,31,social,0
06878,13,729.0,0.3,beauty,37,search,0
06879,9,6078.0,2.0,beauty,53,crm,0
06880,4,2914.5,9.2,both,81,influencer,0
06881,4,3139.5,5.8,both,230,search,0
06882,4,930.0,1.1,beauty,209,social,0
06884,0,3354.0,1.8,both,21,crm,1
06885,0,5733.0,2.0,fashion,76,social,1
06887,11,6052.5,0.6,fashion,213,search,0
06888,1,4566.0,3.3,both,7,search,1
06889,0,885.0,3.0,fashion,131,social,0
06893,11,1321.5,6.3,both,176,search,0
06894,11,3217.5,3.1,beauty,40,social,0
06895,3,3025.5,0.1,fashion,22,search,0
06896,5,4326.0,4.9,beauty,36,search,1
06898,13,1071.0,0.8,fashion,40,influencer,1
06900,5,4300.5,4.8,beauty,174,influencer,1
06901,3,4599.0,3.7,fashion,241,social,1
06902,5,3501.0,0.6,both,1,search,0
06903,5,3096.0,7.7,fashion,1,social,1
06904,2,3993.0,4.0,beauty,270,influencer,1
06906,5,1723.5,0.6,beauty,17,influencer,0
06907,7,2028.0,0.8,fashion,50,crm,0
06908,12,4336.5,6.6,fashion,88,social,0
06909,13,4419.0,8.0,fashion,48,social,1
06910,13,2895.0,4.1,beauty,142,social,0
06911,6,3888.0,4.9,both,59,social,0
06914,2,891.0,3.1,fashion,27,social,0
06916,14,2698.5,3.9,beauty,74,crm,0
06918,5,3738.0,1.6,both,65,social,1
06919,11,1861.5,0.4,both,27,social,1
06921,8,1452.0,5.7,fashion,68,social,1
06922,8,1834.5,0.5,fashion,89,influencer,0
06924,10,909.0,8.1,beauty,29,social,0
06925,8,6327.0,6.4,fashion,109,social,1
06926,9,1843.5,6.7,fashion,136,crm,0
06928,11,1189.5,3.8,fashion,105,social,0
06930,2,2515.5,5.2,beauty,38,search,1
06932,3,1005.0,6.6,beauty,5,influencer,0
06933,9,2004.0,0.4,fashion,89,search,1
06935,1,2136.0,2.4,beauty,12,social,0
06936,0,3754.5,3.5,fashion,77,crm,1
06937,13,4939.5,4.3,both,139,search,0
06938,4,2359.5,1.5,beauty,3,search,0
06939,13,1806.0,6.7,beauty,71,social,1
06940,3,1596.0,3.4,beauty,41,social,0
06942,10,1104.0,3.7,fashion,29,social,0
06944,7,1620.0,3.8,both,35,social,0
06945,5,3862.5,9.9,fashion,61,social,1
06946,2,2242.5,5.1,both,36,social,0
06947,14,2296.5,7.9,both,12,influencer,1
06948,8,2847.0,7.6,beauty,216,crm,1
06949,7,5028.0,3.0,fashion,298,influencer,1
06952,12,5421.0,5.3,fashion,248,crm,0
06953,7,3417.0,3.8,beauty,35,social,0
06955,2,3601.5,6.9,fashion,64,search,0
06957,13,3565.5,3.9,fashion,62,social,0
06958,6,3036.0,4.0,fashion,19,crm,1
06959,0,4077.0,0.4,fashion,6,influencer,0
06961,0,2731.5,5.7,beauty,3,influencer,0
06962,2,1630.5,7.2,beauty,35,social,0
06963,3,1981.5,8.0,fashion,6,search,1
06964,14,844.5,5.6,fashion,128,crm,0
06965,0,3142.5,1.2,fashion,150,search,0
06967,1,4446.0,5.8,beauty,97,influencer,0
06968,10,2322.0,4.7,beauty,67,influencer,0
06969,4,1192.5,2.6,fashion,3,influencer,1
06971,13,3870.0,2.3,fashion,91,search,1
06972,5,637.5,3.9,beauty,287,social,1
06973,10,2898.0,5.0,fashion,0,influencer,0
06977,0,5553.0,1.0,fashion,17,search,0
06978,2,553.5,2.4,fashion,37,search,1
06979,2,3988.5,3.6,beauty,53,search,0
06980,7,2125.5,1.1,fashion,183,search,0
06981,5,2281.5,5.6,both,52,social,0
06982,1,4531.5,2.4,fashion,1,influencer,1
06983,12,541.5,4.6,beauty,11,search,1
06984,13,4518.0,6.4,beauty,73,influencer,1
06986,3,1377.0,4.4,beauty,103,social,0
06987,0,2220.0,6.2,both,53,social,0
06988,4,1492.5,5.4,both,115,social,1
06989,11,2257.5,0.3,beauty,3,social,0
06990,10,3640.5,4.7,both,66,social,0
06991,7,6361.5,6.2,beauty,85,social,0
06992,9,6093.0,6.6,fashion,20,search,1
06993,1,3850.5,4.9,fashion,59,social,1
06994,7,2920.5,0.9,fashion,40,social,1
06995,12,3816.0,4.7,fashion,193,social,1
06996,7,1864.5,5.1,fashion,5,social,0
06998,7,639.0,4.8,beauty,71,influencer,0
06999,12,2731.5,1.0,both,81,search,0
07000,1,4503.0,5.1,beauty,7,influencer,1
07001,6,4125.0,6.0,beauty,298,search,0
07002,11,4768.5,0.7,both,57,social,0
07003,7,892.5,4.5,fashion,158,crm,0
07004,3,1029.0,2.0,fashion,41,crm,1
07005,13,2220.0,5.8,fashion,5,social,1
07006,8,5829.0,0.5,beauty,124,influencer,0
07007,10,1332.0,6.3,fashion,47,influencer,0
07008,5,2745.0,7.3,fashion,171,search,1
07009,11,1111.5,0.4,fashion,66,influencer,0
07010,2,1764.0,7.4,fashion,4,crm,0
07011,12,3535.5,1.4,both,59,influencer,1
07013,11,511.5,9.5,both,14,influencer,1
07015,0,1054.5,4.7,beauty,278,search,0
07016,13,5683.5,2.2,both,9,social,1
07017,12,1356.0,6.1,both,32,influencer,0
07018,9,742.5,8.9,both,23,social,0
07020,0,3649.5,6.5,fashion,39,social,0
07021,3,4647.0,5.5,beauty,64,crm,0
07022,0,5115.0,6.5,beauty,22,search,1
07023,13,3229.5,2.4,both,36,search,0
07026,1,1488.0,8.4,fashion,169,search,1
07028,6,3934.5,3.6,both,7,influencer,1
07029,5,2167.5,7.7,fashion,11,social,0
07030,0,2881.5,3.7,beauty,90,search,0
07031,11,1716.0,8.1,fashion,80,social,0
07034,9,4806.0,2.5,both,188,crm,1
07035,11,4716.0,4.9,beauty,269,search,1
07036,8,1269.0,4.8,both,45,crm,0
07037,5,5089.5,4.2,both,82,search,0
07038,1,553.5,3.9,beauty,6,social,0
07040,2,2071.5,7.5,fashion,126,social,0
07041,13,798.0,5.4,beauty,278,social,1
07042,14,2367.0,8.0,both,1,social,0
07043,6,2980.5,0.1,fashion,133,influencer,0
07045,8,3238.5,4.8,beauty,266,social,1
07046,4,5368.5,5.9,beauty,30,social,1
07047,0,1987.5,2.9,fashion,2,search,1
07048,4,4677.0,7.1,beauty,26,influencer,1
07049,7,3351.0,0.9,beauty,241,crm,0
07051,2,4836.0,0.5,both,80,social,0
07052,3,2311.5,6.1,beauty,248,social,0
07053,11,1872.0,5.2,both,59,social,0
07054,7,3685.5,3.6,both,80,social,1
07055,7,2058.0,3.5,fashion,135,social,1
07057,5,2731.5,5.3,fashion,264,social,0
07058,3,3102.0,1.8,beauty,68,social,0
07059,9,5214.0,1.7,fashion,1,social,1
07060,12,6285.0,6.2,fashion,137,search,1
07061,8,1365.0,4.3,beauty,123,social,0
07065,10,678.0,0.7,fashion,2,social,0
07066,14,1180.5,6.7,beauty,60,social,1
07067,11,3300.0,3.5,beauty,3,influencer,1
07069,2,2167.5,0.2,fashion,68,social,1
07071,2,2626.5,7.7,fashion,70,social,0
07072,9,1291.5,8.7,beauty,35,social,0
07073,5,1693.5,6.5,beauty,7,social,0
07074,8,552.0,8.5,fashion,38,social,0
07075,7,1782.0,6.3,beauty,13,social,1
07076,5,1173.0,5.8,beauty,50,influencer,1
07079,9,2575.5,0.5,beauty,72,influencer,0
07080,5,406.5,3.3,fashion,83,social,1
07082,4,2283.0,6.1,both,128,social,0
07083,3,808.5,2.4,fashion,25,search,0
07084,11,1159.5,6.2,beauty,121,influencer,1
07085,5,3876.0,1.1,fashion,19,influencer,0
07087,3,2394.0,3.1,both,68,search,1
07088,12,2967.0,0.9,both,118,social,0
07090,13,6513.0,1.6,beauty,15,social,1
07091,0,2458.5,1.0,beauty,297,influencer,1
07092,2,3553.5,3.5,beauty,48,social,0
07096,11,3022.5,6.8,fashion,15,search,1
07097,1,3328.5,8.5,beauty,56,social,0
07098,5,3021.0,4.2,both,86,influencer,1
07099,5,2865.0,5.8,beauty,0,social,1
07100,2,1174.5,9.4,fashion,78,search,1
07101,7,900.0,4.8,beauty,31,influencer,0
07102,11,1495.5,5.6,fashion,1,influencer,0
07103,2,5892.0,3.5,fashion,70,search,1
07104,1,3696.0,4.4,fashion,90,search,0
07105,4,4090.5,2.3,fashion,93,social,0
07106,12,3255.0,5.2,fashion,87,social,0
07107,6,1152.0,2.6,fashion,102,influencer,0
07108,0,2712.0,9.3,both,26,crm,0
07110,1,4320.0,1.0,fashion,126,social,0
07111,7,867.0,0.5,fashion,289,social,0
07112,9,1443.0,7.2,fashion,50,social,0
07113,5,1009.5,2.3,both,85,social,0
07114,13,1936.5,4.4,fashion,235,search,1
07115,12,1344.0,1.5,both,31,influencer,0
07116,12,1998.0,6.3,fashion,41,search,0
07117,14,1131.0,4.6,beauty,90,search,1
07118,14,1846.5,0.9,beauty,2,crm,0
07119,12,5295.0,4.0,fashion,84,influencer,1
07121,3,2319.0,6.6,fashion,7,influencer,1
07122,4,2947.5,4.1,fashion,99,social,0
07123,2,1455.0,0.9,both,57,social,1
07124,11,3567.0,2.2,fashion,4,influencer,1
07125,13,4786.5,4.9,beauty,15,social,1
07126,3,4771.5,4.8,fashion,2,crm,1
07127,11,606.0,0.3,beauty,4,search,1
07130,6,1303.5,0.3,fashion,116,influencer,0
07132,11,4050.0,8.3,both,6,social,1
07134,14,468.0,5.2,beauty,62,social,0
07135,8,3465.0,3.0,both,0,influencer,0
07136,5,895.5,5.7,both,33,social,0
07138,3,3286.5,3.2,beauty,8,social,0
07139,9,2316.0,1.0,both,2,social,1
07140,8,1824.0,2.3,fashion,84,search,1
07141,14,2658.0,2.7,fashion,3,social,0
07142,13,3967.5,6.6,beauty,48,social,0
07143,11,2877.0,1.3,beauty,16,social,0
07144,2,3048.0,5.3,fashion,256,social,0
07145,7,1939.5,3.5,beauty,44,social,0
07146,12,2913.0,0.8,fashion,85,search,1
07147,5,1681.5,4.8,both,30,influencer,1
07148,11,3072.0,6.7,both,39,social,0
07149,1,1743.0,5.3,fashion,77,social,0
07150,2,2109.0,7.7,both,89,social,1
07151,13,2497.5,6.4,beauty,33,influencer,0
07152,0,2127.0,4.4,beauty,29,search,0
07153,2,526.5,3.4,fashion,113,social,0
07154,3,1293.0,8.6,beauty,71,social,1
07155,14,5016.0,3.6,beauty,252,search,1
07156,13,4108.5,0.7,fashion,10,social,0
07157,5,2304.0,4.9,beauty,31,search,0
07158,9,2646.0,3.9,beauty,13,social,0
07159,13,583.5,7.4,beauty,72,social,0
07160,6,1165.5,0.8,fashion,4,search,1
07161,2,3717.0,4.3,beauty,262,social,0
07162,13,4300.5,7.6,beauty,99,search,1
07163,10,958.5,5.3,both,22,social,1
07164,12,1519.5,6.8,both,101,search,1
07165,6,3436.5,5.8,fashion,219,search,0
07166,12,1747.5,7.4,beauty,83,search,0
07167,3,2391.0,0.9,fashion,76,search,1
07168,0,3499.5,0.8,fashion,40,search,0
07173,3,5020.5,5.3,beauty,8,search,1
07174,0,969.0,8.0,beauty,53,social,1
07175,5,1726.5,2.8,beauty,6,social,1
07178,10,2955.0,4.7,fashion,205,social,0
07179,9,5053.5,3.7,beauty,131,social,1
07180,6,1261.5,7.5,both,44,social,0
07181,5,4084.5,2.5,beauty,3,search,1
07182,11,2536.5,7.2,fashion,3,social,0
07183,5,3400.5,4.7,beauty,39,influencer,0
07184,7,1675.5,3.6,both,16,influencer,0
07186,14,1408.5,4.3,beauty,7,influencer,1
07189,6,741.0,6.5,beauty,31,social,1
07190,12,1804.5,0.6,fashion,1,social,0
07191,9,1618.5,4.8,fashion,28,search,0
07192,13,1530.0,3.5,both,47,social,0
07194,3,2353.5,7.5,fashion,78,influencer,1
07195,10,595.5,4.2,fashion,40,social,0
07196,10,909.0,0.4,fashion,241,influencer,0
07197,2,691.5,8.0,fashion,20,search,0
07198,7,1935.0,0.7,beauty,36,social,1
07199,9,762.0,0.2,beauty,15,influencer,0
07200,11,2029.5,3.6,beauty,17,influencer,1
07201,11,1773.0,8.7,both,62,social,0
07202,4,5049.0,2.6,beauty,2,crm,1
07203,3,1539.0,5.8,fashion,67,social,0
07204,10,1417.5,6.6,both,32,crm,0
07206,4,5104.5,4.5,fashion,8,social,0
07207,11,1935.0,7.5,fashion,185,influencer,1
07208,3,5526.0,8.0,fashion,7,social,0
07209,2,2092.5,1.6,beauty,92,influencer,0
07210,3,3001.5,5.9,both,3,search,0
07211,9,2238.0,4.4,beauty,29,search,0
07212,14,3595.5,0.3,both,40,social,0
07213,12,1335.0,5.7,beauty,12,social,0
07214,12,1342.5,5.0,fashion,12,search,1
07215,4,3268.5,8.6,fashion,66,social,0
07216,11,1020.0,1.3,beauty,10,influencer,1
07218,6,1912.5,7.7,fashion,252,social,0
07219,13,2047.5,2.7,fashion,20,search,1
07220,13,4146.0,8.1,beauty,10,search,0
07221,4,3783.0,9.1,both,86,search,0
07223,13,1615.5,5.7,beauty,99,social,1
07224,5,730.5,0.4,fashion,89,social,0
07225,10,1006.5,3.7,fashion,218,social,0
07227,8,1437.0,4.8,fashion,10,search,1
07228,4,1398.0,4.5,fashion,242,influencer,0
07229,14,3315.0,5.2,fashion,45,social,0
07230,14,3039.0,7.8,fashion,217,social,0
07231,8,2095.5,0.0,fashion,46,influencer,1
07232,0,4434.0,2.5,fashion,31,influencer,1
07233,13,3027.0,6.8,fashion,1,search,0
07234,1,4875.0,3.3,beauty,0,crm,0
07236,11,1950.0,1.4,beauty,67,crm,1
07238,13,4843.5,4.4,fashion,42,social,0
07239,5,2154.0,8.3,both,60,social,0
07241,0,1954.5,2.2,beauty,86,social,0
07242,3,4359.0,1.8,fashion,293,search,1
07243,5,790.5,4.1,fashion,121,social,0
07244,3,5110.5,3.8,fashion,57,influencer,0
07245,3,5427.0,6.1,fashion,104,social,1
07246,4,6078.0,1.7,fashion,246,social,0
07247,7,4477.5,0.2,both,61,crm,0
07249,6,460.5,5.3,fashion,84,search,1
07251,5,1866.0,0.3,beauty,88,social,1
07252,5,2155.5,0.1,fashion,74,influencer,0
07254,14,2025.0,0.8,beauty,40,influencer,1
07255,13,2805.0,4.3,both,122,search,1
07256,1,2677.5,7.1,fashion,237,social,1
07257,12,3456.0,8.6,beauty,28,search,0
07258,12,3741.0,3.1,beauty,11,social,0
07259,9,1009.5,6.3,fashion,10,influencer,1
07260,4,2352.0,0.6,both,7,search,0
07262,8,2896.5,3.5,beauty,9,search,1
07263,6,1317.0,1.4,fashion,1,social,0
07264,1,1633.5,7.2,fashion,59,influencer,1
07265,5,3448.5,8.1,fashion,8,social,1
07266,9,1579.5,4.4,fashion,2,search,0
07267,8,3366.0,1.2,beauty,10,social,1
07269,4,2011.5,7.9,fashion,78,search,1
07271,10,738.0,3.6,beauty,15,influencer,1
07272,9,2161.5,0.1,fashion,9,influencer,1
07273,10,2364.0,3.6,beauty,18,search,0
07274,3,1491.0,5.2,fashion,75,search,1
07275,2,1549.5,3.5,fashion,61,influencer,0
07276,0,2802.0,5.2,fashion,41,social,1
07277,9,1389.0,4.0,beauty,61,social,0
07279,10,589.5,9.1,fashion,77,influencer,0
07280,12,2932.5,2.7,beauty,146,social,0
07281,14,5089.5,5.0,beauty,86,social,0
07283,7,2220.0,2.6,fashion,5,social,0
07284,1,1381.5,2.6,fashion,55,crm,1
07285,7,1438.5,2.4,fashion,2,social,0
07291,3,3715.5,3.1,fashion,0,social,1
07292,6,475.5,4.4,fashion,64,crm,1
07293,5,6043.5,6.3,both,8,social,0
07294,10,1020.0,5.7,fashion,82,social,1
07295,13,568.5,0.0,both,264,social,1
07296,7,514.5,8.8,both,233,social,0
07297,5,1791.0,1.5,fashion,190,crm,0
07298,9,1950.0,1.4,fashion,6,social,1
07299,5,1939.5,8.5,fashion,107,influencer,0
07301,5,2850.0,6.6,fashion,28,social,0
07304,11,1374.0,5.3,beauty,6,social,1
07305,10,1515.0,1.3,beauty,240,social,0
07308,0,4137.0,1.8,beauty,258,crm,0
07310,11,1761.0,4.9,fashion,32,search,0
07312,13,1210.5,5.2,fashion,291,influencer,1
07316,10,4789.5,4.7,beauty,43,social,0
07317,7,403.5,6.2,beauty,164,influencer,1
07318,8,2829.0,6.0,fashion,50,social,1
07319,10,4306.5,3.5,both,71,crm,0
07320,10,2995.5,8.6,beauty,5,social,1
07321,13,1596.0,0.1,beauty,260,social,0
07323,1,1230.0,8.2,fashion,60,social,1
07324,4,624.0,4.0,fashion,37,social,1
07325,13,3741.0,4.2,beauty,49,crm,1
07326,4,3787.5,8.2,beauty,45,influencer,0
07327,11,1345.5,8.0,fashion,58,social,0
07328,9,4278.0,6.2,fashion,25,social,1
07329,9,3720.0,2.9,beauty,194,social,0
07330,1,882.0,0.2,fashion,157,social,0
07331,9,2454.0,4.0,beauty,34,search,0
07332,3,2673.0,6.9,fashion,6,social,0
07335,0,730.5,0.5,fashion,43,social,0
07336,4,3546.0,4.6,beauty,10,social,0
07339,5,823.5,2.5,beauty,70,search,1
07341,6,5058.0,4.1,both,82,social,1
07342,6,1759.5,8.1,both,218,social,1
07343,14,3045.0,4.0,beauty,249,social,0
07344,3,2140.5,7.7,fashion,9,influencer,0
07345,8,666.0,4.1,beauty,168,social,0
07346,2,4635.0,2.1,both,43,search,0
07347,4,2061.0,4.2,both,100,search,1
07348,4,421.5,6.6,fashion,79,social,0
07349,7,1984.5,7.1,fashion,10,social,1
07351,9,802.5,6.3,beauty,128,search,1
07352,3,4971.0,6.6,beauty,73,social,1
07353,0,1359.0,6.0,fashion,71,search,0
07354,10,4992.0,6.9,beauty,3,social,0
07355,4,2793.0,5.4,fashion,135,social,0
07358,5,2068.5,8.3,fashion,76,crm,0
07359,0,3442.5,6.6,beauty,78,crm,1
07361,13,3043.5,5.2,beauty,77,crm,1
07362,13,1642.5,8.0,fashion,77,social,1
07363,12,846.0,2.2,beauty,34,social,1
07364,2,3270.0,5.2,fashion,146,influencer,1
07366,1,1293.0,8.5,both,9,influencer,1
07367,5,3688.5,3.6,beauty,86,social,1
07369,11,3064.5,3.0,fashion,3,social,0
07370,11,2200.5,8.3,beauty,70,social,1
07372,10,2140.5,2.7,beauty,173,social,0
07373,10,2604.0,2.2,both,51,search,0
07374,4,1996.5,5.0,fashion,65,influencer,0
07375,9,2614.5,0.8,fashion,192,social,0
07376,11,700.5,2.2,beauty,50,influencer,0
07377,9,801.0,6.5,both,158,social,0
07378,0,4995.0,3.7,both,6,search,1
07380,13,2152.5,6.1,beauty,25,influencer,0
07381,0,3256.5,3.0,fashion,72,social,0
07382,11,2986.5,4.2,beauty,40,social,1
07385,11,5260.5,5.0,fashion,43,search,1
07386,11,3678.0,1.6,fashion,19,social,1
07387,4,1579.5,4.5,beauty,25,influencer,1
07388,3,5464.5,4.0,fashion,5,social,0
07389,3,3144.0,0.3,both,276,social,0
07392,8,2520.0,5.3,fashion,80,influencer,1
07393,10,2622.0,1.1,beauty,38,social,1
07394,4,642.0,3.3,both,44,influencer,0
07397,4,651.0,7.6,beauty,40,search,0
07398,1,1770.0,6.2,beauty,71,influencer,1
07399,5,960.0,3.8,fashion,264,search,0
07400,1,3832.5,1.7,beauty,45,influencer,0
07401,9,2238.0,1.9,beauty,30,influencer,0
07402,12,957.0,4.3,beauty,281,crm,0
07403,4,3261.0,4.9,beauty,8,crm,1
07408,11,2577.0,3.9,fashion,15,social,1
07410,3,3190.5,1.1,both,2,search,1
07411,4,2542.5,5.3,beauty,200,social,0
07414,12,1371.0,1.0,fashion,100,search,1
07416,14,3508.5,5.2,beauty,22,social,0
07417,0,2346.0,1.2,beauty,50,search,0
07420,0,1038.0,4.5,fashion,19,social,1
07421,3,4005.0,3.4,beauty,66,social,1
07424,13,5277.0,5.3,fashion,86,social,0
07425,5,2257.5,6.3,fashion,141,social,1
07426,5,2244.0,1.9,fashion,83,social,0
07427,0,5107.5,7.1,both,2,influencer,1
07428,6,3793.5,3.6,beauty,31,crm,1
07430,4,568.5,0.4,both,82,influencer,0
07431,5,2539.5,8.0,beauty,8,social,1
07432,0,2596.5,4.3,beauty,255,social,1
07434,3,2205.0,5.7,beauty,77,search,1
07435,2,2185.5,9.4,both,60,search,1
07436,11,3328.5,5.9,fashion,225,search,1
07437,10,2062.5,4.6,both,34,search,1
07438,12,3018.0,3.2,fashion,30,influencer,1
07440,3,2017.5,5.9,beauty,0,influencer,0
07443,11,634.5,0.5,both,127,social,1
07445,7,963.0,0.0,both,225,social,0
07446,14,838.5,5.0,fashion,22,social,0
07448,2,4999.5,2.6,fashion,5,search,1
07449,12,700.5,1.2,both,17,influencer,1
07451,0,766.5,8.0,beauty,203,social,1
07452,11,3370.5,4.3,both,36,search,1
07453,10,2761.5,5.6,both,64,social,1
07454,12,3082.5,5.5,fashion,14,social,1
07455,1,1014.0,4.9,beauty,46,influencer,0
07456,2,1186.5,5.4,beauty,14,social,0
07457,10,1084.5,5.3,both,104,influencer,1
07459,0,6127.5,7.1,both,17,social,1
07462,7,2418.0,1.7,both,158,social,1
07463,1,4759.5,2.5,both,13,search,1
07464,7,1866.0,3.4,fashion,40,search,0
07465,10,1140.0,4.1,both,18,influencer,0
07466,12,4495.5,1.5,beauty,7,social,1
07468,1,787.5,5.2,beauty,77,search,1
07469,12,1303.5,8.8,fashion,26,social,0
07471,4,4341.0,1.6,fashion,204,social,1
07472,0,1257.0,3.4,fashion,58,social,0
07475,9,5068.5,3.4,both,44,social,0
07476,13,3256.5,2.6,beauty,11,influencer,1
07477,10,3016.5,5.4,fashion,15,social,1
07478,1,3411.0,0.7,beauty,70,social,0
07481,10,2118.0,2.4,both,4,search,1
07482,7,460.5,2.6,beauty,31,social,0
07484,0,1681.5,8.5,fashion,29,social,1
07486,5,1129.5,7.8,fashion,56,social,1
07487,1,3424.5,4.6,fashion,45,influencer,0
07488,14,4936.5,8.7,beauty,192,social,1
07489,4,5365.5,7.3,beauty,4,social,0
07491,1,3388.5,0.4,fashion,62,crm,0
07492,8,2515.5,2.0,beauty,74,crm,0
07493,1,1231.5,6.1,beauty,75,social,0
07494,4,1138.5,7.2,fashion,24,social,0
07495,3,3664.5,5.4,beauty,28,search,0
07496,10,1815.0,2.9,beauty,39,social,0
07499,8,1060.5,1.7,beauty,43,influencer,1
07500,2,3003.0,5.3,fashion,64,social,0
07501,9,2493.0,4.2,beauty,6,social,1
07502,7,3130.5,2.1,fashion,30,search,1
07503,3,3427.5,2.6,fashion,52,social,1
07505,12,4213.5,6.0,beauty,205,social,0
07507,8,502.5,2.8,beauty,219,social,1
07508,4,1041.0,5.4,fashion,87,influencer,1
07510,7,1489.5,6.5,fashion,212,social,0
07513,13,3741.0,6.1,beauty,10,crm,1
07514,1,4654.5,3.3,fashion,100,search,1
07515,5,4768.5,4.9,fashion,2,social,1
07516,0,1554.0,5.0,fashion,120,search,0
07517,7,3747.0,8.5,fashion,241,influencer,1
07518,8,2817.0,6.7,both,25,crm,0
07519,6,3138.0,5.3,beauty,11,influencer,0
07520,12,3885.0,6.2,fashion,49,social,1
07521,12,700.5,3.6,both,163,social,0
07522,8,5535.0,7.4,fashion,30,search,1
07523,1,2667.0,3.5,fashion,15,social,1
07524,10,5617.5,4.4,beauty,73,search,0
07530,2,670.5,5.6,beauty,26,social,0
07531,6,4474.5,8.1,both,81,crm,0
07533,10,3949.5,2.2,fashion,75,influencer,1
07534,14,3765.0,3.2,beauty,124,social,1
07535,9,1396.5,6.1,beauty,239,influencer,1
07536,8,1435.5,3.9,both,288,influencer,1
07537,10,1723.5,3.4,fashion,99,social,1
07538,3,3514.5,1.1,fashion,127,social,0
07540,9,582.0,6.1,both,69,search,0
07541,12,4501.5,8.0,fashion,4,search,1
07542,13,1728.0,2.5,fashion,71,social,0
07543,0,4659.0,1.8,fashion,205,influencer,1
07544,6,4020.0,5.1,beauty,23,social,1
07546,11,724.5,6.3,fashion,86,social,0
07547,13,4042.5,7.6,both,106,search,1
07550,0,1461.0,8.2,beauty,73,search,1
07551,8,880.5,8.6,beauty,61,search,0
07552,9,1482.0,7.7,both,79,influencer,0
07553,7,2460.0,5.8,beauty,77,social,0
07555,3,4758.0,1.3,fashion,176,social,1
07556,14,1782.0,3.0,beauty,257,search,1
07557,14,789.0,7.5,fashion,19,search,0
07558,4,2062.5,1.0,fashion,75,search,0
07559,7,4770.0,7.5,both,42,social,0
07561,5,4648.5,1.0,fashion,66,crm,0
07563,1,1852.5,1.3,both,72,social,0
07566,10,4008.0,6.3,fashion,36,search,0
07567,7,3202.5,4.2,fashion,32,search,0
07568,4,4764.0,7.8,fashion,36,search,0
07569,11,2344.5,7.2,fashion,59,search,1
07570,9,568.5,7.8,beauty,71,social,1
07574,7,2242.5,4.1,beauty,15,crm,1
07576,9,828.0,5.7,fashion,11,social,1
07577,14,2284.5,3.9,both,14,search,1
07578,2,1585.5,5.2,beauty,267,influencer,1
07579,12,2502.0,2.5,fashion,91,social,1
07580,0,787.5,0.6,beauty,42,search,1
07581,1,1393.5,2.1,fashion,71,influencer,0
07582,9,1275.0,2.6,fashion,267,social,1
07583,10,2809.5,4.9,beauty,6,social,1
07585,6,1765.5,2.3,both,21,social,1
07586,0,2311.5,7.3,both,159,social,0
07587,8,2428.5,6.3,beauty,46,social,0
07589,0,514.5,0.3,beauty,50,crm,0
07590,9,1330.5,5.2,beauty,68,influencer,1
07591,0,1714.5,1.8,fashion,72,social,0
07593,1,4165.5,7.8,beauty,5,search,1
07594,5,817.5,4.3,both,48,crm,0
07596,3,1546.5,6.3,both,37,social,0
07597,6,1314.0,3.6,beauty,5,social,1
07599,12,2778.0,2.9,fashion,166,social,0
07600,11,2011.5,4.9,fashion,58,social,0
07603,2,1284.0,0.5,fashion,81,search,0
07604,3,1152.0,5.9,beauty,26,social,0
07605,4,3402.0,7.5,both,0,search,1
07606,4,954.0,5.6,beauty,43,social,1
07608,12,3592.5,4.1,both,14,social,1
07609,4,804.0,0.3,fashion,292,social,0
07611,0,679.5,6.9,fashion,37,search,0
07612,6,2062.5,6.6,both,117,search,0
07613,13,2371.5,7.7,fashion,266,influencer,0
07614,14,3559.5,0.9,fashion,69,social,0
07616,5,4341.0,8.4,fashion,35,social,1
07617,13,6147.0,6.9,fashion,53,influencer,1
07618,8,1024.5,4.8,beauty,1,social,0
07619,2,5571.0,3.8,both,54,influencer,0
07621,7,2902.5,4.2,fashion,20,social,1
07622,1,1125.0,4.5,fashion,298,social,0
07623,1,3561.0,4.1,fashion,29,social,1
07624,9,715.5,4.0,fashion,3,social,1
07626,3,2202.0,5.0,both,16,influencer,1
07627,4,1198.5,8.1,beauty,5,social,1
07628,0,1722.0,2.9,beauty,35,social,0
07629,10,3310.5,5.3,fashion,25,influencer,1
07631,10,2203.5,9.7,fashion,1,social,0
07632,7,2848.5,1.5,both,3,social,1
07633,5,5479.5,6.8,fashion,4,social,0
07634,2,1491.0,8.8,beauty,77,social,0
07635,13,799.5,1.4,fashion,70,social,0
07636,11,3708.0,5.6,fashion,3,search,1
07637,6,1368.0,5.1,fashion,2,social,0
07638,10,1185.0,3.8,beauty,35,search,0
07639,5,1614.0,9.1,fashion,126,influencer,0
07640,4,2851.5,0.6,both,97,search,0
07641,7,865.5,7.9,fashion,24,social,0
07642,7,3039.0,2.8,fashion,89,influencer,0
07643,2,3573.0,3.3,beauty,59,crm,1
07644,7,471.0,3.4,both,79,search,0
07645,9,2371.5,4.8,fashion,32,search,1
07647,12,4636.5,1.7,fashion,213,social,1
07648,11,2038.5,1.5,beauty,23,search,1
07649,12,4581.0,7.3,beauty,213,social,1
07650,9,1932.0,6.4,beauty,178,influencer,0
07651,2,565.5,6.9,beauty,87,social,1
07654,7,4282.5,0.3,both,3,influencer,1
07655,11,1195.5,5.1,fashion,38,social,0
07656,6,1234.5,7.8,both,61,search,0
07657,7,4185.0,3.7,fashion,14,social,1
07659,2,5242.5,3.0,beauty,247,search,1
07661,11,1215.0,3.8,fashion,114,social,1
07662,14,4621.5,0.1,beauty,251,influencer,1
07663,6,1819.5,1.1,both,56,crm,0
07665,10,3298.5,1.9,beauty,89,influencer,0
07666,5,1572.0,2.5,both,199,search,0
07668,12,3943.5,1.7,beauty,234,search,0
07669,11,3429.0,3.2,fashion,109,crm,0
07670,11,3318.0,5.4,beauty,34,crm,0
07671,11,1644.0,3.4,fashion,0,social,1
07672,10,2260.5,4.0,fashion,21,social,0
07673,3,1678.5,5.2,both,104,influencer,0
07674,4,2391.0,1.8,beauty,7,influencer,0
07675,8,4386.0,7.9,beauty,12,social,1
07676,0,1054.5,5.0,fashion,84,search,0
07677,1,3238.5,2.7,fashion,66,social,0
07678,4,3598.5,2.9,both,231,social,1
07679,4,2445.0,7.4,beauty,9,search,0
07680,11,3513.0,7.0,both,16,social,1
07683,9,5913.0,0.0,beauty,3,influencer,0
07685,5,2208.0,3.2,both,17,social,0
07686,4,732.0,1.6,beauty,24,search,0
07687,4,4822.5,8.4,both,24,search,1
07688,12,4084.5,5.5,beauty,46,influencer,1
07689,10,1675.5,8.3,fashion,50,search,0
07692,5,555.0,3.1,both,41,social,0
07694,14,3561.0,7.3,both,60,search,1
07695,13,1408.5,4.3,fashion,34,influencer,0
07696,4,2677.5,3.3,beauty,78,social,1
07697,14,1734.0,8.1,fashion,27,social,1
07698,13,1399.5,2.4,fashion,11,search,0
07699,8,2928.0,1.7,fashion,234,social,0
07700,14,2269.5,4.0,beauty,250,social,1
07701,2,3786.0,1.4,fashion,71,influencer,1
07702,7,687.0,3.8,fashion,1,social,1
07704,10,700.5,2.0,fashion,23,social,1
07705,6,4702.5,3.5,beauty,177,social,1
07706,3,1552.5,3.7,beauty,26,social,0
07708,7,2394.0,7.8,fashion,5,search,1
07709,9,4488.0,3.4,fashion,299,search,1
07710,6,1552.5,7.7,both,52,social,0
07711,9,6277.5,7.2,beauty,1,crm,1
07715,7,2049.0,4.9,beauty,70,influencer,1
07716,8,616.5,8.9,beauty,202,social,1
07717,1,2923.5,4.8,fashion,43,influencer,0
07718,13,2311.5,2.3,fashion,44,search,0
07721,3,1776.0,7.9,beauty,5,search,1
07722,2,3574.5,5.0,fashion,91,social,1
07724,13,3316.5,6.7,beauty,40,influencer,0
07726,14,2016.0,7.7,fashion,2,search,1
07727,6,4869.0,3.2,both,67,influencer,0
07728,1,4827.0,5.5,beauty,20,social,1
07731,11,4254.0,0.2,fashion,42,social,1
07733,10,1015.5,2.3,fashion,24,search,1
07735,11,1333.5,3.9,fashion,45,influencer,0
07736,6,2493.0,1.6,beauty,0,social,1
07737,1,2076.0,3.9,fashion,17,social,1
07739,8,879.0,3.3,both,33,social,0
07743,5,3877.5,7.9,fashion,6,search,1
07744,4,1564.5,5.8,fashion,240,influencer,0
07745,11,3330.0,2.4,fashion,14,social,1
07746,8,2359.5,4.0,both,58,influencer,1
07747,12,3664.5,1.2,beauty,76,social,0
07748,2,3096.0,0.4,beauty,13,social,0
07749,1,4186.5,3.8,beauty,13,social,1
07750,1,2650.5,1.1,fashion,18,search,0
07751,3,4545.0,2.9,fashion,57,social,0
07752,12,883.5,2.2,beauty,14,search,0
07754,8,1833.0,1.3,beauty,205,social,0
07755,2,1972.5,7.9,fashion,203,influencer,0
07756,13,1662.0,6.0,beauty,12,social,1
07758,4,1450.5,4.6,fashion,130,search,1
07759,1,3571.5,7.0,fashion,256,influencer,1
07761,14,3298.5,4.5,beauty,128,crm,0
07762,10,3861.0,4.6,fashion,67,search,0
07763,10,408.0,8.7,both,14,social,1
07765,2,2937.0,6.5,both,5,influencer,0
07766,4,2971.5,2.7,beauty,56,search,1
07768,1,931.5,2.3,fashion,4,social,0
07769,2,1492.5,2.4,both,3,social,0
07770,7,1327.5,3.8,beauty,92,social,0
07771,9,3420.0,2.6,fashion,71,crm,0
07772,13,505.5,0.9,beauty,1,social,0
07774,2,1125.0,0.3,fashion,81,crm,1
07775,12,2772.0,0.6,fashion,134,social,1
07776,9,4242.0,4.9,both,8,social,0
07777,11,2295.0,6.1,both,177,influencer,1
07778,6,1722.0,4.5,beauty,15,social,1
07779,13,2809.5,4.4,fashion,86,social,0
07780,10,1525.5,6.3,beauty,11,social,0
07782,1,2971.5,1.1,beauty,229,influencer,0
07783,8,4776.0,6.7,beauty,4,influencer,1
07784,12,3021.0,6.5,both,3,social,1
07785,12,3522.0,2.7,beauty,3,social,1
07786,7,3948.0,8.4,fashion,30,search,1
07787,8,4860.0,8.5,beauty,1,social,1
07788,8,4077.0,4.2,fashion,241,search,0
07789,6,1585.5,4.0,fashion,114,social,0
07790,3,4972.5,1.8,beauty,10,crm,1
07791,11,1677.0,7.8,fashion,162,social,0
07792,11,766.5,5.2,fashion,293,influencer,0
07793,4,2776.5,3.9,both,51,influencer,1
07794,6,1119.0,5.4,fashion,87,search,0
07796,4,2853.0,1.1,both,45,social,1
07797,11,3403.5,4.9,fashion,5,influencer,0
07799,14,909.0,3.0,beauty,59,search,1
07801,4,912.0,6.9,beauty,3,social,1
07802,4,3006.0,3.1,both,64,social,0
07803,4,4780.5,2.6,beauty,47,search,0
07804,3,3600.0,1.9,beauty,144,search,1
07805,10,1756.5,8.0,both,69,search,0
07806,11,2386.5,0.2,both,25,social,1
07807,10,2341.5,3.7,beauty,57,crm,1
07808,11,870.0,7.3,fashion,79,influencer,1
07809,6,2368.5,6.0,fashion,47,search,1
07810,1,3222.0,8.4,beauty,30,social,0
07811,9,6100.5,3.0,fashion,106,search,1
07812,12,4312.5,9.1,both,2,social,1
07813,3,5121.0,1.6,beauty,79,influencer,1
07814,10,5908.5,6.6,fashion,21,social,1
07815,2,3184.5,4.9,beauty,329,social,1
07816,9,4582.5,3.8,fashion,0,influencer,1
07817,12,607.5,4.0,fashion,34,social,1
07818,7,1386.0,0.1,fashion,17,social,0
07819,6,3532.5,6.0,both,33,search,1
07820,2,3660.0,4.0,fashion,83,social,0
07822,12,2626.5,6.3,fashion,16,social,0
07824,3,1125.0,4.0,beauty,51,search,0
07825,11,1560.0,0.2,both,44,social,0
07826,9,1794.0,5.0,fashion,34,crm,1
07827,6,5308.5,1.7,fashion,101,social,0
07828,7,5200.5,1.3,fashion,4,crm,0
07829,3,3048.0,1.9,fashion,179,influencer,1
07830,7,5353.5,8.4,fashion,18,social,1
07831,0,2137.5,0.5,beauty,19,social,0
07832,12,1714.5,6.7,beauty,69,social,1
07833,8,895.5,2.3,both,0,social,1
07834,6,3850.5,5.4,both,71,search,0
07836,7,4392.0,4.5,fashion,87,social,0
07837,11,2586.0,7.1,both,105,social,1
07839,1,2406.0,6.4,fashion,155,social,0
07840,13,4389.0,8.7,fashion,215,search,0
07842,9,1240.5,2.0,both,8,search,0
07843,5,2218.5,8.0,fashion,8,social,0
07847,13,2200.5,4.5,both,18,social,0
07848,10,3325.5,8.3,fashion,151,search,1
07849,1,2677.5,4.6,fashion,3,social,0
07850,3,2509.5,4.4,beauty,15,social,1
07852,3,4389.0,9.5,both,3,social,0
07853,5,3562.5,7.3,beauty,210,search,1
07854,4,4084.5,8.7,fashion,222,influencer,1
07856,8,981.0,3.3,beauty,85,search,1
07858,5,637.5,8.0,fashion,73,social,0
07859,10,2323.5,2.2,fashion,60,influencer,0
07862,14,3484.5,3.7,fashion,5,social,0
07863,4,960.0,3.5,beauty,33,search,0
07864,4,1891.5,8.3,beauty,3,search,1
07865,9,6673.5,7.7,beauty,213,search,0
07866,12,4918.5,1.0,beauty,76,search,1
07867,10,5386.5,1.7,fashion,56,search,1
07868,0,3442.5,6.2,both,45,influencer,1
07870,0,1705.5,3.7,beauty,37,social,0
07871,10,2439.0,3.6,beauty,48,social,1
07872,7,2299.5,4.2,beauty,244,search,0
07873,9,2904.0,7.2,both,47,search,1
07874,8,4230.0,3.0,both,12,social,1
07876,13,2563.5,0.7,fashion,192,influencer,0
07878,1,748.5,6.7,beauty,25,influencer,0
07879,8,2491.5,4.4,fashion,6,search,1
07881,14,1330.5,3.2,both,0,influencer,1
07882,2,4114.5,9.0,beauty,62,search,1
07883,0,4848.0,9.7,fashion,16,social,1
07884,0,1591.5,1.8,both,0,search,0
07886,1,5487.0,7.5,both,282,influencer,1
07887,0,2110.5,2.7,fashion,120,social,1
07888,1,1011.0,6.8,fashion,0,influencer,0
07889,2,3951.0,4.8,both,17,social,0
07890,3,4252.5,1.2,fashion,8,social,1
07891,12,672.0,4.3,both,111,search,0
07892,10,612.0,3.2,fashion,164,crm,1
07893,8,909.0,0.7,both,52,search,0
07894,6,874.5,6.9,both,40,search,0
07895,11,1428.0,5.7,fashion,15,social,1
07896,4,1513.5,2.2,beauty,22,search,0
07897,4,1591.5,7.8,beauty,41,search,1
07899,5,2394.0,2.2,both,288,social,1
07900,0,6015.0,0.4,fashion,11,search,1
07901,5,2554.5,5.0,beauty,48,search,0
07902,12,624.0,8.3,both,18,influencer,1
07903,12,3208.5,6.8,both,14,influencer,0
07904,10,5574.0,3.8,both,152,crm,0
07905,5,1720.5,0.6,fashion,168,influencer,1
07907,10,2548.5,3.8,both,38,search,0
07908,4,2527.5,5.4,both,24,search,1
07909,9,1330.5,6.6,beauty,152,influencer,0
07910,8,1062.0,0.9,both,10,search,0
07911,9,1456.5,8.4,fashion,53,social,1
07912,9,3265.5,4.3,both,34,social,1
07913,4,1969.5,4.8,fashion,76,search,1
07914,8,2259.0,0.5,fashion,87,search,1
07915,9,2509.5,3.6,beauty,73,search,1
07918,14,1936.5,1.5,beauty,60,crm,0
07919,2,475.5,6.9,beauty,60,influencer,0
07920,10,1705.5,5.4,fashion,298,influencer,1
07921,8,2800.5,3.9,both,12,search,0
07923,6,1840.5,5.0,beauty,39,influencer,1
07924,3,1224.0,7.8,beauty,7,search,0
07925,13,958.5,1.6,fashion,45,search,0
07926,11,1236.0,4.8,beauty,292,social,1
07928,5,2391.0,1.2,beauty,49,social,0
07929,8,2851.5,0.4,beauty,98,social,1
07930,3,3054.0,2.3,fashion,27,search,0
07931,9,4371.0,1.3,fashion,42,search,0
07932,1,2746.5,7.5,both,221,influencer,1
07933,12,4216.5,2.6,fashion,57,social,1
07934,13,2823.0,1.2,beauty,129,search,1
07935,8,4048.5,2.3,fashion,62,social,1
07936,9,1683.0,5.4,both,46,search,0
07937,11,1996.5,0.9,beauty,75,search,1
07938,13,2481.0,1.5,both,170,crm,0
07940,10,3696.0,4.1,both,13,influencer,1
07941,1,1015.5,5.2,both,24,search,1
07942,6,1465.5,9.3,beauty,43,search,1
07943,6,6754.5,7.1,beauty,23,social,0
07944,4,2319.0,7.7,beauty,45,search,1
07945,4,3672.0,5.4,fashion,50,search,0
07946,7,558.0,4.3,both,23,social,1
07947,5,4263.0,1.8,fashion,73,influencer,1
07948,0,3909.0,0.7,beauty,187,search,0
07949,10,2617.5,8.5,beauty,29,social,1
07951,11,585.0,0.3,beauty,73,search,0
07952,3,5896.5,5.3,both,12,crm,0
07953,0,3085.5,4.1,beauty,292,influencer,1
07954,4,642.0,3.1,fashion,19,social,0
07955,4,639.0,2.6,fashion,28,social,0
07956,3,5322.0,6.4,both,53,influencer,0
07958,8,1152.0,4.0,fashion,12,social,0
07959,7,2236.5,5.0,beauty,3,crm,1
07960,13,3588.0,0.9,fashion,23,influencer,0
07961,9,1992.0,1.3,both,3,social,0
07962,13,3988.5,4.9,both,221,social,0
07963,2,2314.5,4.5,fashion,9,social,0
07964,4,4732.5,3.8,beauty,163,influencer,0
07965,5,2157.0,5.5,fashion,209,influencer,0
07966,4,6562.5,4.8,fashion,48,crm,0
07967,7,1447.5,0.3,fashion,223,social,0
07968,4,1993.5,4.5,both,3,social,1
07969,7,1435.5,0.3,beauty,4,social,0
07970,9,2877.0,5.7,both,198,influencer,1
07971,14,1735.5,0.3,fashion,38,influencer,1
07972,9,1680.0,5.0,beauty,23,influencer,1
07973,13,3111.0,9.3,fashion,70,social,1
07978,10,2802.0,7.6,fashion,12,social,1
07979,5,3589.5,5.0,both,63,social,1
07980,2,4401.0,4.6,fashion,4,social,1
07981,11,2707.5,2.2,beauty,2,social,0
07983,3,664.5,4.9,both,86,social,1
07985,3,1218.0,0.1,fashion,10,social,1
07986,4,2283.0,7.3,fashion,3,crm,1
07988,14,2211.0,7.4,both,59,search,0
07989,5,4108.5,4.5,beauty,0,search,1
07990,1,2148.0,6.9,beauty,41,influencer,1
07991,9,2628.0,1.7,fashion,74,search,0
07992,11,3091.5,7.1,fashion,9,search,1
07993,7,1003.5,5.4,fashion,6,social,0
07994,3,688.5,6.1,both,6,social,1
07995,6,1920.0,8.1,beauty,47,search,1
07996,6,751.5,4.0,both,69,crm,0
07997,11,4422.0,4.7,beauty,6,social,0
07998,13,4435.5,4.3,beauty,21,search,0
07999,12,1167.0,7.2,beauty,41,social,1
08000,9,1542.0,2.7,beauty,5,influencer,1
